	CGM_0	CGM_1	CGM_2	CGM_3	CGM_4	CGM_5	CGM_6	CGM_7	CGM_8	CGM_9	CGM_10	CGM_11	CGM_12	CGM_13	CGM_14	CGM_15	CGM_16	CGM_17	CGM_18	CGM_19	CGM_20	CGM_21	CGM_22	CGM_23	CGM_24	CGM_25	CGM_26	CGM_27	CGM_28	CGM_29	CGM_30	CGM_31	CGM_32	CGM_33	CGM_34	CGM_35	CGM_36	CGM_37	CGM_38	CGM_39	CGM_40	CGM_41	CGM_42	CGM_43	CGM_44	CGM_45	CGM_46	CGM_47	CGM_48	CGM_49	CGM_50	CGM_51	CGM_52	CGM_53	CGM_54	CGM_55	CGM_56	CGM_57	CGM_58
GSM71019.CEL	7.97399808997294	7.078650738722	5.72160944295036	11.0930392251649	6.43997738809405	7.27709871171229	9.74405246337264	7.32640418825023	6.67093979541915	8.6051858749294	7.69747206451058	7.16917807354549	7.43428172159102	6.64545037494298	5.21664401225273	6.62746360298344	7.98131532730832	7.09206762030077	8.54317641860142	6.94355158578616	7.21938556945265	8.60358867936336	6.58909511320872	8.98131687532381	7.77003314473246	7.10085713707274	7.76081074968305	6.64287356050294	7.85918690156802	8.09969448997412	7.81274188531181	5.79283916258766	7.8206015024038	8.19792294741683	6.26259190019209	7.58636111983793	6.53649829084142	4.64175434579148	5.80388581004019	5.80208582125758	5.72512099566506	9.34723828062717	9.13875536066197	8.45012466533059	9.72789414808245	8.92855167483667	7.175294564329	6.4330281139195	8.78321945518491	7.06794776046795	6.32537438263949	7.05702914313057	6.73200698634512	7.68242077343396	6.93760533836609	6.01127450726339	5.51980414529539	5.97726353050477	5.71358237137544
GSM71020.CEL	8.39143066859107	7.99682073945002	5.76831708812826	10.3674114737651	7.0669013116958	6.88357704121521	9.03482586455281	7.03318957507597	6.37021908442999	8.54067438001034	7.75762244640715	7.02333438628791	7.70872266360457	7.06111351228221	5.76477216778114	6.89545297061957	8.0713786043015	7.11554919924252	8.77384503722335	6.89844670533859	7.11460636639407	6.82860885053953	5.8181079982901	7.42568516604825	6.41916015849005	5.80718595675125	6.62726983922819	5.76246510028311	6.75806866156859	9.59292983192941	8.64020094660982	5.23165490792076	6.73779786701662	6.21875912431214	4.96390030023535	5.85718107074359	5.9578038046614	5.22251217271522	5.82994305137695	5.67261785071784	5.53081751445404	6.4831006996518	7.77105647035462	6.56178170666687	7.09437237653417	7.48153067169185	6.18282228283457	5.94913514885561	7.2677161676565	6.49176998776125	6.14857589789512	5.7898451931663	6.38836244108028	7.05464721482548	6.32285841036141	6.47253882281601	5.96697411687047	6.99409728570192	6.06794486584906
GSM71021.CEL	9.62997219117314	6.54134434335605	5.9973493460211	7.23879096530954	5.88779052038182	6.36966094146624	8.16510961615377	6.4718138889686	5.83315316901074	10.1565626600237	9.20327669517211	6.9704659516936	7.29331541376803	7.00275633858576	5.65889315675203	7.04332876504484	7.68267230132643	7.6350482275544	10.0393179697252	7.37794213399511	6.85951831744612	6.86610515486579	5.7759225372796	7.84960711304189	6.30825797336121	5.85745326108478	6.46106798225803	5.99783652536338	7.26882938736101	9.62312370237553	8.39756939875895	5.26236905745262	6.79719244792798	6.28948503174494	4.82842586856908	5.75195929913039	5.94290242126057	5.12253993200439	5.87369936596678	5.74406101420157	5.8378888084712	5.53649817523962	7.50505180987014	7.4738667941613	6.76329203148711	8.10192684350696	6.56694170471302	6.04601686719205	7.46341446651784	6.51498734811391	6.59414409402142	5.62481124010244	6.72447279547179	6.64662075430792	6.07526151643899	6.5672728143548	5.70058789951867	6.92381955952673	5.78732883773842
GSM71022.CEL	9.73613914598243	6.5491398500678	5.97060527400122	10.2368615024982	6.10499898725116	6.52693214581962	8.44031330330502	6.8796235442168	6.55917538831662	10.084364229538	9.50648890505495	7.5422012469811	8.22492346971753	7.27894212544688	5.81841336442077	6.61895966674083	8.06190901228647	6.7856385800146	9.22409250904977	8.036584134407	7.25168562594163	7.35005659093741	5.99506702085285	7.69366511217585	6.53409575642809	5.94139468482159	6.27865251348648	5.89616798812728	6.92465105359126	8.72718065264103	8.52116021793231	5.2538207997066	6.76573981864551	6.84852099591143	5.72994610087058	6.52605671388895	6.35508327864088	4.98589593427886	5.7079606921037	5.61649735887693	5.99280117166193	5.99736768756615	7.19110385671397	7.94271622935781	7.88995667025132	8.50553049336618	7.02443141905937	6.09894845797075	7.46099161427526	6.30142155839207	6.46576182052679	5.72525326810606	6.67858807308596	7.29014756109229	6.61726537223596	5.81891267153144	5.64285680531503	6.12014753048504	5.67168827782204
GSM71023.CEL	9.23241666621641	7.82980609854363	5.4467200312443	10.3491383971722	5.99640186351051	6.57803989204165	9.24298238905841	7.76585457428575	6.8521685450811	8.19392822132945	7.33772897407333	7.62389799904155	7.5376544115385	6.96680017171642	5.37772291561013	6.99564908279761	8.08004965813542	6.65695315975798	8.38216674343387	7.03975039785194	7.61077582725934	8.50332096733189	7.07290596852537	8.93297631958043	7.63385226212148	6.79586685313241	7.40719464624195	6.28365478308454	7.64224421862795	7.9063859043863	7.88989163248628	6.16570740228683	7.40913028579605	7.92200952419921	6.55158731879565	7.62359112464915	6.75556505353336	4.6715199592434	5.54531486456202	5.60807514916854	5.95667929184386	7.06437428909108	8.70575830168833	8.88306159612116	9.72413976027038	9.2052514924534	7.73583105792541	6.01938096988554	8.54801474488491	6.71641206246256	6.51796499674754	6.53393854019652	6.82933628342389	7.81634114798649	7.02354676043531	6.30134526397192	5.59036826557048	5.98214296393896	5.86904034701913
GSM71024.CEL	9.19517180488987	9.03525047373214	5.04059499163067	7.74810529025211	5.22858348123998	5.67640734636697	9.09551919289443	6.77230077857666	5.8089625905	8.79049105684669	8.16575744111996	7.33693324356662	6.96794543270229	6.60921844567207	4.98597463151209	5.8559466343194	7.14901873950077	6.36559477483908	8.47821388408899	6.80891366250225	6.69245217812342	8.80905774175686	6.44680762849387	9.61760530351675	8.37987218666217	6.89444605396062	7.76198480819562	6.90717141211174	8.44791216883175	7.08905967811542	6.89283473189736	7.1785931605109	8.7481033689296	8.87756513836459	7.45140544103836	8.57900512324697	7.25489666412139	4.30670565432903	5.43019332533755	5.35973473185647	6.92429839219324	6.08291430564772	9.40936195109568	9.4058717901025	9.74223255358525	10.0700294807219	8.53416670667644	5.94046861630532	9.09811767293377	7.09719697723161	7.08223839348966	6.52485038579887	7.47461655080894	8.00199026447177	7.10930574162573	8.25570946139094	5.25169469746889	7.47393142341405	5.86634079677151
GSM71025.CEL	10.9723793379886	5.59803440505527	6.13543014701472	7.82004723691694	5.93536543337285	6.17822340474715	8.07688820787261	6.50314571353186	5.56823102167466	10.2397286422243	9.12766149316212	7.01132902268071	7.4301321920149	7.08761118979359	5.64153904653786	6.73449365265191	7.7587456204375	8.6676458589936	10.1431901577208	7.32406449050416	6.753453787067	7.49228995685739	5.64114001699378	8.0980892960906	5.34907817069535	6.00927125288918	6.74308764080609	5.85220154158489	7.25726706606357	9.26271215199543	8.39271007475871	5.53248706532712	6.46433105916435	6.57478263593037	4.76084271262276	5.86945291626561	5.72405092145302	4.93941082697237	5.99639925866479	5.61260693504677	5.84413417979817	5.30485921028692	7.34405992135272	8.07192327057168	6.98482076043677	8.29167007360487	6.71001091243489	6.05245033327681	7.64051562897873	6.55463827526578	6.64753509796851	5.36791933658953	6.91074757953237	6.7598963000166	5.97481386855683	5.2411574334634	5.61083812792353	6.14483333663837	5.44060996934983
GSM71026.CEL	10.553842835525	5.29074483704107	6.11815068066443	7.28535623684932	5.94585350366994	6.26304265866133	8.09858186007108	6.64037706737779	5.7896530836225	9.1857680906535	8.23733637605228	6.65371906259166	7.41299217835372	6.84515575332202	5.52227538699083	6.74425909326443	7.80712464993815	8.18022314868766	9.70801020422742	7.03447486170894	6.80827157423763	7.40509668258363	5.63342161030026	8.09189165401563	5.6177573341729	6.0890528853534	6.89159492472762	5.77262560591394	6.87681889909989	9.42637713590716	8.587173222994	5.35614049210543	6.19415607323851	6.49780697880041	4.60703369341438	5.77023986437966	6.02134836203432	5.16968693688369	6.00524242894872	5.56756147829889	5.67577315062417	5.37860552869026	7.67114293668222	7.78253723323523	7.17199633832808	8.31397645054801	6.62916789207895	6.23172474705605	7.71956451186836	6.95054290332858	6.78850150749121	5.59124281714884	6.92602189718749	6.81229900513314	5.96034169123019	5.23583157603229	5.5482168350242	6.26565620383821	5.5249382603597
GSM71028.CEL	11.6693784060273	5.67006965729524	4.50663176576145	9.70440236808281	5.60970025441231	6.23422262921942	9.96979377266014	8.58418569916659	8.32924923010043	8.77354440944627	7.56296712943738	8.46531150685204	8.77686643887038	8.09409959956041	5.52577624212487	8.47279377996946	9.28603918817742	8.79171414232614	9.48242719751047	8.13692402521438	7.61359081149019	9.99285387162782	8.42703915416516	9.51794297872774	8.59974752034944	6.28090393075097	8.38032575657885	6.05555599071655	8.50105480848749	5.71014803796271	5.82955190780254	7.27632704996531	9.17387982257527	9.28468454179119	8.00667928036633	8.37104620124168	8.06874872809876	5.16658254434562	6.14401016830475	8.94007447782643	6.65954174579093	9.24535468638646	10.138446484161	8.71554664968739	9.07480064477058	8.85985710158876	7.5413672638505	6.09868475749258	8.50005293218667	9.32754920441451	6.75324162188016	6.39037296479482	7.41612724916861	8.16785368559947	8.33003269068598	8.56850006422105	6.15186465198222	7.79720646830403	8.64798691367261
GSM71029.CEL	7.97134805529625	8.3980093137694	5.37584750623797	7.40067351568448	5.54772850318726	5.89497950494035	8.17301779376116	6.39991720885635	5.56825378640197	6.23853552719863	5.92818294617259	5.96440780136338	5.99329588262262	5.75538018544324	5.33212403709673	6.58735896177341	6.97150313669373	5.1581319527101	7.20106485581236	5.87494568055761	6.43418961478121	8.95061366118899	6.05479277348117	9.54499252863773	7.0779324712416	6.862173010397	7.70437431243488	6.66715846531909	7.97878513743538	7.43190610083035	7.38935429221812	6.13708780255433	7.76921733096187	8.01975779822708	5.69016284413273	7.27710335020997	6.44194057186628	4.70597733105818	6.72124334405469	5.36592609005698	6.40323298489121	5.47500426261958	9.36955956079098	9.01550295719417	8.53038547074868	9.45528143579408	8.09235057136745	6.20250093199785	9.17532614366078	6.69438400515275	7.31694229522292	5.31781902909774	6.86009403792801	6.85266869447995	6.31904360229767	6.03562376034914	5.38138594458567	6.05434653941768	5.68509678687976
GSM71030.CEL	8.39988584498914	9.56139805110037	5.20183340293673	9.84525341848234	6.76587307652843	6.61947013102292	9.01795412705542	6.69786375588357	6.48993066308226	7.21489171977097	6.54687312483617	8.08984331670432	7.94809040146734	7.12402418065991	4.84016466048217	6.56047763394455	8.07490340102209	6.88047544549586	7.99001117779472	6.85339891120347	6.68053756678656	8.93713875977839	7.13787443013594	8.81915113386391	7.64055319433104	5.85147507052062	6.54724348179147	6.43941104565631	8.49322812931172	6.13047742640012	6.25301151874681	7.68054942719952	9.29254906008473	9.24014287116609	7.55134503643842	8.36794957829807	7.0314252202471	4.41820455022019	5.80096657130892	6.21389808144862	7.8793556421504	5.53767746677419	8.37517461065899	8.11085272974892	8.79481823109647	9.96868245724524	8.94921399053098	5.58826138274691	9.2504374069832	7.28061810992091	7.40471807207241	5.55060730672811	6.81310091905613	7.61833905704526	6.6033749703451	6.27515412769581	4.97013019793275	5.48586856395315	5.47839383246587
GSM71031.CEL	10.3276842773952	7.45063873789524	4.92019097190027	9.71945135855628	6.41130673504352	6.30913013214387	9.60932057708501	7.62941170133581	7.23901206501351	9.90702286163802	9.04786913827826	7.60751487081705	8.11794235757375	6.83713532643871	5.42120990157063	7.44283737867316	8.27561359831153	9.06983024633275	10.1257238266277	7.59929105468435	6.95667468133087	8.47969731928724	6.71981335375459	9.73507588246726	6.79019496546777	7.38416265281703	8.53487946434725	6.83888937685757	8.59522015438502	6.22035551648945	5.83669512319896	6.2370305439442	8.52450509052367	8.7450798240793	6.79159738413378	7.75454086431473	7.12525469108211	4.13462445784846	5.66170060656299	5.12598176642684	6.54419716783594	5.12048871710509	9.28531643555374	9.36708175249325	9.67240597173007	9.72262761974266	8.15265066671931	5.90073936111852	9.25228567329792	6.49256082327618	6.83566761333619	5.30126589197895	7.05893946487129	7.65137404042484	6.83662608691684	7.50027920631126	5.59825591181242	6.85648996112374	6.60101255241212
GSM71032.CEL	8.6075050406401	9.60406298244106	9.27243014995067	8.40324058708396	5.6726975326156	5.71614940415213	6.83843242382366	5.6978255931759	6.5040856896786	6.7018761605382	5.93699182528003	5.51024698276296	7.39286611818478	5.05995648966976	4.77195567128146	6.4091751497685	6.88576112268683	6.49718913157861	8.02630008294991	6.21932978166766	5.85519125303944	10.3854591786408	8.37605191722926	10.0110953223617	7.91653684675028	6.48297036954815	8.8408100129927	8.04101160663065	9.4309687041097	6.02688516338313	6.47793363320318	7.90670149236538	9.59361008245134	8.85418141772137	7.29989089360858	8.02451139568588	6.69238227031589	7.431618931963	6.20967527586341	5.09460231908182	7.42133907572225	4.92278069897487	8.16044805686272	10.6222172868349	9.17345654981684	10.1370489281606	9.20916439733645	5.88461477826228	6.46180905119042	6.61211761166891	7.8825730403822	6.64322932539016	7.15605087674744	7.09066729754933	6.48322859614432	6.84665308029852	4.86250810494655	5.99618139361194	5.74332570592883
GSM71033.CEL	11.0327433644491	7.36920598135621	7.21276526233167	11.3393760002041	7.22094255454316	7.55545057748755	8.88175333135058	7.25076988509618	6.4906516073885	7.09128935228228	6.08452971680897	6.52566311999387	7.66541988216658	6.19611359888639	5.51665892750082	6.91488990822311	7.84390711428049	7.27052863022699	8.15321806081377	6.35809167365584	6.94596927312014	9.28043966510625	7.9057275119299	9.02297692363003	6.73576284040537	6.45292420112311	8.00062308756435	5.91997236938049	7.87317426489562	7.57346924117654	7.38351314321964	6.36733415257675	7.62048465711638	8.50647875440685	6.34699500892523	7.2566489448219	6.68850466734357	7.75706431816021	5.90594920165036	5.22540765724807	6.17346078438807	4.96658347757813	7.36556732812837	10.1613564065482	6.7942555284778	9.59808083222697	7.01016239569254	5.51645759661	6.67517560551641	6.27516310352298	6.37373718532753	5.86629091890127	6.78403625552409	7.05177291519933	6.15810914748928	6.3260330725169	5.47280309861671	6.44474855811343	5.9318615699634
GSM71034.CEL	10.4427546886897	10.5730730273718	4.72530246856961	9.4972717629046	6.34785205132409	6.2078316032532	9.2550516323807	7.19172182776929	5.97583659120908	6.57070838281879	5.41480163576581	7.51000608296603	5.58919540748449	5.38712814325301	4.59273146795102	6.46922601787583	6.9713838088791	5.56649040300547	7.57823527231896	6.1109325782003	6.31959831222724	8.11412432474903	7.34217835076473	9.70063685855359	8.93187529061751	7.94863548116111	8.17431376716699	7.92938944817649	9.15046530135257	5.95775354221385	6.08850516436849	8.15137575197864	9.12944630964258	9.04164418597381	7.78773800037169	8.69354231236273	7.36774614331206	4.1398007840598	8.24182265984213	5.26871416826985	7.23089159397175	5.76200230689263	9.56129323394818	7.03880399335833	9.41763103923623	9.97117506726223	9.32581585541572	6.05228566816657	9.57139538280204	6.17025045032118	7.35034597534992	5.26324442640026	6.25745601177429	9.35898387072352	7.10179975879375	7.15482601307519	4.98068450600693	5.98093909795849	6.00249017476709
GSM71035.CEL	12.0376339407742	6.56395917913757	4.96737700960197	12.2444882836727	7.31064279332492	9.57723078347355	10.4275155261395	9.31990461509594	8.91727759377504	10.6846864645951	9.98521565659337	8.70351577573344	9.33594635500953	8.38602280714965	6.42705001694125	8.65901160282739	9.62847258660307	8.81335959445062	10.5466963036166	8.86537155203112	8.95806692756058	8.61467073933992	7.37493740367253	8.27162854165783	6.68893009956206	6.12153208977867	7.79254056430798	5.46666073677307	7.294799240595	6.05837001145862	5.98747896867279	7.51294567129526	8.31269957205565	8.61120675867338	7.60641536387887	7.64082466256427	7.10863253913561	4.45584563099812	5.85809476796764	5.74562978834944	6.31342225872556	8.72028394965229	8.01733190487796	7.2729173691775	8.07339313383309	7.90016724873615	7.16733432577202	6.50742747997853	7.62084681771361	6.71666997992937	5.97223130144549	6.53153366175977	6.8587715717319	8.18171473317588	7.64376200558438	7.95564901721397	6.56634480966141	6.84663046348402	7.58445844232225
GSM71036.CEL	9.4605161739435	5.88219001099736	5.05307709870996	7.0069020971971	5.4715113501635	5.93140876884976	9.16720333158782	6.63068375516793	5.71461364099728	6.34700971194939	5.81392678732983	5.73604904662887	5.85607637492306	5.3849173022561	4.84659049370778	5.54064569473911	6.31975557175323	5.8762825113927	6.91516331736042	6.22180453847769	6.62157667344361	9.38855397186348	6.59979410039626	9.90544868533072	7.53185876064007	7.74412848956068	8.48836694802159	7.55661696507341	9.16039633331721	6.74099225363705	6.11567310620419	6.84049808489502	9.00063833725144	9.19408281678369	6.78240127290002	8.3134330160474	6.26430795532344	4.34110706634848	5.74928381002321	5.48194388059309	6.50534648959319	5.22766566947121	9.40563890200351	10.0659536921099	9.42475114584516	9.99329895543533	8.26141424039723	6.18464706345569	9.63965495179139	7.06754305667097	8.13897910832095	5.72615305323588	7.42467878232707	6.97267147754561	7.09959575156291	5.74857574794177	4.81406838503602	5.7442409397883	5.6066025955208
GSM71037.CEL	10.9467266496829	6.28069035985861	4.70929563095484	10.5429228992906	6.97222109261446	7.32746390407851	8.85926017603371	7.51174644422603	6.97135431981835	8.71094722154169	6.43954914740406	7.34302696534081	6.42444766516955	5.91287135618397	6.05685227485636	8.72044968516011	8.23476931401741	8.57679852042339	10.7453202531171	9.44064755054776	8.55981503708307	9.10297596570079	8.75006574489035	9.35778117431913	7.15248373967558	9.30379429469463	8.9468040634412	7.48933333536881	9.27954345892378	6.20966750561943	5.8602502222518	7.41906012785503	9.27570266241769	9.50565648152691	6.96119327201879	7.61513667505226	7.08691216902572	4.45837701439104	6.4192520833898	7.52541449404531	4.96878105839268	5.84336460609981	11.2600826676828	7.26597428567317	6.04670597919263	7.49219491736038	6.41068232630388	9.97178487032704	7.62706872359647	7.6540339443902	6.16144698952002	5.76632060693317	6.24364348638708	8.18472642925828	8.79178896238302	6.53567615084731	5.5925305445169	6.79236034019476	8.00733076846759
GSM71038.CEL	6.92557875273497	10.5046845250191	4.89648542698427	9.89502133536711	6.04970390385684	6.21205405729455	8.48527030619716	6.08383897693984	7.10594189296496	6.13543148323795	5.54510266809189	5.27547004008203	6.25509934072515	5.23277409549468	4.62741016317176	5.82016197940491	6.73962163796592	5.65257024090239	7.29877817314116	5.71594152027164	5.99770633427479	11.1223985916812	8.12582543606061	9.62783584152422	7.7438035570294	6.39376703369339	8.29983829997052	7.93793047481671	9.19045596837627	6.0803938936537	6.51661146689479	8.03221893111323	9.18452724918189	8.88550430371067	7.5687244758483	8.46535782546028	7.57739939322631	4.23331136334462	5.55709645461635	5.48202130263206	5.67031386197962	5.14228463331346	7.5341111562699	11.0734010274594	8.923889096758	10.0781106932137	8.03234807854999	5.86093449673495	8.10474902417221	7.35842350795225	8.62819854863121	9.14612075734601	7.16128802195018	6.66919562446958	6.90838442631542	7.07901901545081	5.04415516300135	5.67761754997555	5.89891884601364
GSM71039.CEL	12.348371253838	8.85491101811003	8.79054098771893	12.1052651035318	8.65124382919933	9.53065714731844	10.3096843958212	8.63672964008432	7.8603786760412	9.25737746512472	7.68375545651682	8.33539907368096	7.56162717029171	7.12762525823002	9.19701039819588	9.92512659909203	9.37457573781571	8.11521630195119	10.6280228087557	7.57109567283972	8.33921270476518	8.80646382293217	7.71894013216965	8.7922556863368	6.74428048426385	6.8014232997755	8.57248728041531	5.54169276037467	7.74668271441456	6.36969146626769	5.87774745587842	6.8435078948853	7.92704592680844	8.62358429032596	7.1443139695358	7.55400351995211	7.44485814648613	6.03104345043001	5.9868422112302	5.65238785717747	6.04483257289941	6.00364118383161	9.24721561761644	8.789368648265	7.8823429706025	8.94242817027733	7.06830290963751	7.16703490391769	7.57343503468491	6.48502465626724	6.42510843175593	6.517043757127	7.05823503011853	8.012379818897	7.84730357598861	8.03939518435594	6.3627522847262	7.47114140234009	7.40472701440369
GSM71040.CEL	10.0714574276967	5.78676850578845	4.75636542633369	9.09298360459091	5.69107790584452	6.64275482323281	9.28977003636497	8.27173031894092	8.63282049507887	8.06944998238985	6.09564700142281	7.65755558184466	6.78501592580932	6.72082069987212	5.61413709012018	8.73079220032494	8.48951629497464	7.34341710234018	9.85985597449368	7.14468038044024	8.05896912833907	8.66862695587527	8.1341437731538	9.58617060129437	7.85806159404237	7.28503624057312	8.46070970343565	7.03649161077196	8.94041215249931	6.24385126971825	6.15515152638196	8.09956423586705	8.93495526869391	9.13685007741962	7.43129895063178	8.29253332567493	7.75554178448605	4.24122147108087	7.43934418437936	5.90356302837523	6.19393141196003	6.1866984977602	9.8115313717194	9.57116548556401	9.13646495787294	9.56403122008837	7.7931384998105	6.57890914013912	8.42721888260363	8.22527392289856	7.10375346725179	6.73478894214916	7.32981522512719	7.56939236400069	7.60987368727295	8.05169294277638	5.9550602450183	7.98934597381845	7.62185835304879
GSM71041.CEL	8.81122079386748	8.03793280572624	4.8815501832763	11.9449245549613	8.46798313464511	9.09823024724263	9.51834203724313	8.12773864172902	7.79589493814313	8.01059075637376	5.88175732545405	7.38611436986006	6.71742758500666	6.13869055326697	7.03452946883738	9.43979548313437	8.56473041968045	8.29307234767719	9.95921280328182	7.30012904744159	8.20935105298055	10.3115382404774	7.77004659612242	9.49151832567275	7.85940205488639	7.36308189090963	8.55720634902483	7.25517554759494	8.60190465734157	6.95400268107226	6.48155010687256	6.49782273026153	8.60905452881613	9.08781804628554	7.38665212867999	8.25059236914643	8.46090773454055	5.73700232978366	8.26822633801735	8.61119798557693	5.86877793220692	7.43806151337293	9.80051834204753	8.8493131198758	8.49624218837235	9.53701696881262	7.86483810000657	6.73864217455111	8.00813881056655	7.76717423261025	7.19529235915792	6.54233569827041	6.48419082599787	7.9731579066504	8.03820698423972	6.88153007509099	5.71621860375285	6.09032275024492	6.76871121132893
GSM71042.CEL	9.48346364437412	8.75392369798488	5.31993232175697	8.99464373094837	6.00686764054533	6.14693572420963	7.23090993675281	5.6974155683799	5.19799810621981	6.61060558886707	5.59809470800054	6.02102625236476	5.6008189091046	5.11364483828696	4.7218656414347	5.61766893053315	5.91626508983989	5.59719137351943	7.44185624810715	5.67152461379794	6.29013067791782	10.3329403167675	6.79773507690904	9.83246826963881	8.18962558987288	7.59174130335242	8.51078048307294	7.53723171249277	8.9736731706053	6.69484068730574	6.59393648053689	6.71264412159797	8.83648304866887	9.13541723162667	6.65955171802141	7.81513609790669	7.73461910024385	4.40849971631067	8.18472770213213	6.01969005987504	6.76830880172907	5.17584446290584	9.96012943391526	9.3419086558004	9.27222325612222	9.6847805454315	8.62996789869758	6.3772606890587	9.52933819011486	6.5310990789656	9.66811180159565	4.97469726499291	6.57962066106968	7.61339430918902	6.45101480130587	6.59785503128171	4.93835539991984	5.62917419612505	5.54733544191398
GSM71043.CEL	13.1312820310631	5.42992221170753	8.33042322241538	11.7460641026309	6.22367015371294	8.73085271870772	9.45144351416972	8.49156824389772	8.06027704232885	8.1211562522071	6.53247657008255	8.00954030107993	8.62312822556793	7.64722735367049	5.5315532655486	7.57568647434479	8.92880881596254	8.19282859868778	8.7504055150982	7.68236655427752	7.63101034182098	10.3261633362877	9.12146655968645	9.42204090687849	7.38999074993955	6.12512726019785	8.66660547084742	5.53253044497568	7.76462789074597	5.59689131911341	5.39566837642357	7.61947044264558	9.07077070828075	9.53920165327898	8.02404905234585	8.67058372113499	7.73717329117986	7.97161553919752	6.49883821377845	5.71977673949057	7.10665402685623	5.81183685981624	9.19303627522197	9.71128736718539	7.96902851512479	9.53334747737124	7.71207767234072	7.42470300071528	8.22947898245735	7.30299129247414	6.48354018053465	7.38415455490378	7.27418101824455	8.25507924091561	7.63842123374076	7.19810851005885	5.89143632779052	6.30872490652512	7.14012430778011
GSM71044.CEL	12.6240452753084	8.88743305460458	5.47983101106764	7.03670050541542	5.63933565170243	6.29009341892318	6.66015881130169	6.05767342708253	6.1163357716215	6.38798123211228	5.94716401658425	5.23176969370794	7.09764784073342	5.40052235742465	4.92606025898955	6.04159436872074	6.03960698127404	6.8100541284956	7.26639987089825	5.74413845901478	6.39388123505736	10.003988287865	6.99147232739866	9.45233021569612	6.8705801971424	6.20329687562156	8.10167937973359	7.50937811863056	8.1452367983632	6.95167400295494	6.88754304384526	6.84351388666695	8.75783605314322	8.31972229552376	5.53650519520357	6.96133660563892	6.97101405692347	4.72789286812783	9.06503471971033	5.73095071664254	6.64359972818879	4.93778294724552	7.64152826322158	10.3512215730488	7.82315390737181	9.65328318613856	7.50375127787984	5.58022228229202	6.52833693339509	6.76777959968547	6.81615099715388	5.66182540000367	6.93637305059816	6.05604137921145	5.48351528017291	6.59948961598481	5.24229161613624	7.55555780994665	6.40994223614954
GSM71045.CEL	13.1016957476036	6.49047500486908	5.31797130079382	9.33849583328961	5.73390914979179	6.21375310341251	7.68655967644107	6.74354961097038	6.7209049698766	7.38745464101827	6.329622145734	6.64631519815778	6.51760475818184	5.86838525083194	4.96682351753844	6.54833022117663	7.35775477371111	6.83891709924711	7.95739922137445	6.3337953409762	6.76254710301536	10.0038687440596	7.63056026144356	9.95262955075057	6.75252582068483	6.99258377188789	8.7311669129922	6.97997164744655	8.71183046536574	6.59360896299489	6.22184017629152	7.27334579535036	8.33842699951429	9.23394619168433	6.83123383684916	8.13348175369638	7.23875376833329	4.36602407090586	5.8295920504764	5.37574341804501	7.06293236602372	4.91368587390332	9.57985717860732	10.2505780964567	8.86494433778028	9.98814206954119	8.38191305101097	5.64350126101389	8.71350214492081	6.74671182897737	9.5799084734791	5.14452337365656	7.53809905566716	7.05762002449303	6.76391675693418	6.85318373125499	5.13907331202248	6.320286903322	5.67774517450325
GSM71046.CEL	8.32440651642788	9.83594613203252	4.79225203106429	7.15674626830822	5.24492079599326	5.50629814467519	6.99178351586192	5.52329733471238	5.24762253604275	6.29380754184484	5.46750489032903	5.62564787634275	6.51458618773406	4.98526426494545	4.71675964547905	5.95093274375891	6.04720161931901	5.50501994142973	6.81507798640777	5.87315915313085	5.89943771877984	10.4330315598763	6.95601885110157	10.1623199901695	8.80710737319599	7.38268211320512	8.43907077427853	8.04345608466261	9.27862887798672	6.11937466950363	6.07531216175516	8.00465149909354	9.32183047472967	9.03035555076306	7.50860596492584	8.7152663236667	7.59055192834108	4.26285418627522	5.17262529369177	5.26286672723542	7.47409702025453	5.31719300678424	9.70589316425807	10.4305599770333	10.1015536041302	10.2485451982099	8.96185833995573	6.05668237186789	9.35828880726294	6.57341895966797	8.68468671052569	5.85806155977826	6.97637796833756	7.18631488324811	7.08062517616295	8.15492813113606	4.76794132604347	6.20041073281764	5.63610851866676
GSM71047.CEL	9.23134201736343	5.89133957151433	5.20441237841773	12.549309233685	9.34698654730469	9.97230913109049	10.1951058970689	8.37536824362578	7.35789741656273	7.23408747807224	6.07245329628123	6.51500174873615	6.3219660196724	5.96400218020874	5.8008968051419	7.21462746478628	7.74047758755456	7.7401431381689	9.15301962358845	6.95014386624438	7.87074923606735	8.54987869945162	8.12771006726223	8.75733605345973	6.44760946238545	6.29143593151263	7.67453860856655	5.58101184779745	7.79704190219802	8.26843808706776	7.77578929897351	7.31477018615305	7.45783255213432	8.68978271081015	6.52290165645647	7.07676294238993	5.88806717146989	5.56353304552154	5.79227395160559	6.34298040262948	5.38232843153317	6.12322056600016	8.79979323920393	7.33988815439876	6.83496161024785	7.69298228308778	6.13496448937809	6.12655431817319	6.82560968872082	7.77506771453986	6.23678818512342	7.18916105781221	6.66537029387472	7.71597375073077	6.95357671091964	6.21342983505185	5.87869585584474	6.63406123429613	6.27713980730163
GSM71048.CEL	11.4625841105366	5.96470074580727	4.74172498995112	9.02204694387225	5.67486676153435	6.05038342177338	8.82697080673942	6.90441697348648	6.08300644495993	8.22765163935246	7.22413137369351	7.20408982791306	7.76442816176098	6.52417083211429	5.15815924782139	7.17185577710759	8.04488301440551	8.29315470597568	8.54614964803514	6.97984316794769	6.5028089471837	10.1296889199535	7.05343296268994	9.6980303658032	7.04590274414966	7.42908085269934	8.48028695788453	7.61040987186134	9.12117059646742	6.3309716777765	6.30039722195362	8.07362914986161	9.08690051841238	9.26843745248948	7.324423812848	8.35993366117426	7.50585512734021	4.21073299125516	5.79436931461321	5.15618427862791	7.57783429504693	5.04347391196828	9.26893476954155	10.123490452482	9.25160775281886	9.86825636691898	8.85578709639588	7.17296992174975	9.129953112403	6.38914096643172	9.16481262481658	5.4898845695248	7.46534830302947	7.70017765782083	7.01621443994183	7.0957206508557	5.28953525142468	6.1404819103272	6.17151262197813
GSM71049.CEL	7.69931898870341	8.38679863752659	5.25076647323346	8.75350081619852	5.64246326708	6.07135675360961	7.29829498479166	5.99167430531309	6.43355921319736	6.58764735841144	5.85533106732137	6.2297584750161	6.21272184579539	5.62449535989435	5.3128206621771	6.20408023885235	6.63251512393052	5.77829467770674	7.05063180513228	6.14251500200616	6.35604614345829	9.22874254905882	6.21839549320985	9.4309596486995	6.86106624577983	6.40169652297673	7.88704984457047	6.18496955283441	7.80337822065473	6.86736980010753	7.14055324823431	5.96647168357782	7.72134681841031	8.17412292754537	5.99616896157389	7.36202669050015	6.44368190446961	4.6428738302313	8.00458620939474	5.42995722940561	6.9287436698955	5.20683526103989	8.41092893019472	8.80550835385151	8.82135900943878	10.0033508683071	9.00543443214488	5.94928141607415	8.23078779766389	6.28283225042771	9.09792459346854	5.37127755795926	6.88880330278371	6.89517018040693	6.27647447927052	6.41285397428284	5.12898774399517	6.17503553061779	5.50061818089829
GSM71050.CEL	8.38292478403607	5.39093944197843	4.89591838056954	12.1803465275978	8.64532527236299	8.79087544125751	10.9171675419436	8.28487002558869	7.00276742201274	9.29840669778695	7.71466320698347	7.55022081615995	7.37066509696399	6.94542123618163	8.21498068378842	9.99767985695997	9.03703981059337	8.09321727329691	10.4403318499726	7.38713709619549	7.30914169861066	9.61356826779481	7.73128771522602	9.65934295293978	7.6166432787471	6.7855380059083	8.41717745404918	6.61224692152183	8.81404616924852	7.40545103852729	6.70587568740145	6.38576128379116	8.45784750380838	9.02482249889893	7.04724442719993	7.97410772797738	7.01218709252883	4.34710896796653	5.8907790368757	6.00896297367668	5.85530055280655	6.2199535458318	9.77126921910878	9.59069132516206	8.23956636711273	9.46061661449037	8.1385909613847	5.59354608743172	7.76631640854229	8.70923290707839	7.70870934998227	6.88025787376037	7.61821613945817	8.02747832344766	7.56322115492533	6.11989885845499	5.43617427004772	5.83838691478458	5.9732250785346
GSM71051.CEL	12.6038702875069	9.22335200508219	9.06660648720502	9.53096280913139	5.9613173679578	6.84004953531818	8.47860341836823	7.40775571083981	7.5087221944407	7.37115209569959	6.06754641746959	6.73511544133562	5.98168862839735	6.06070402933422	7.21002457966254	8.69867761171283	8.05081971752179	5.81330612848462	10.3487837341868	8.31779915448288	10.1481711424132	9.95900569975107	7.65958574695458	8.48830696445102	6.53549382358602	7.1710903458862	8.28408985958539	6.05004923591886	7.80469573635641	7.28790145317172	7.35174682310131	6.02299351556128	7.80593826824061	8.10247890759644	6.49727735902409	6.68072325307211	6.4934267534736	6.87661869788634	5.94135841661609	7.04968014941346	5.01497495010952	6.37179081249194	9.27858219322085	6.27947743533151	6.07142131470494	6.9465333890402	6.14677613185414	8.40826059256062	6.81306175360213	7.35295044290599	5.67026877899549	6.62941122117244	6.26395398100405	7.68961270441601	8.58971755233264	6.47093208690335	6.16110453222686	6.22044728673784	7.5072566970236
GSM71052.CEL	9.99241426806862	5.2432640511855	5.00970700351487	12.413991204262	9.96908883708369	10.2379134459455	10.7927610368746	9.26971389611762	8.19649579524316	8.33281309691638	6.49825716686583	7.47082472398439	6.61213140974156	6.37827349624896	7.02666472134405	8.79577607337954	8.75702642566699	9.48046643096714	10.1852006724132	9.12903166210744	8.11568277932473	12.2644130785132	8.36002592232611	8.40799949258947	6.4640141415806	7.42933242445066	8.0124686267753	6.48119089338011	8.82574784972446	7.92416191389984	7.47088037540215	7.26165502961912	8.30964781845138	8.79143939555449	6.84731158675712	6.86745949746311	7.31183188406802	5.47635487447948	5.95184685119485	10.3168811921641	5.05346356980437	6.84850456967179	10.9677533612655	6.24309375819987	6.48836597265245	7.18681904502278	6.18296009601554	8.36544452360541	7.59411579951202	8.57236407173042	6.23056260785014	5.98579159053046	6.33733243348082	8.37313871966074	8.29134985576271	7.57419611382478	6.41649027454043	7.78100501795612	7.54961419743927
GSM71053.CEL	8.07489908246874	9.86474359649461	5.02636823075427	6.16710146992349	5.3088808476076	5.48507109987708	7.62623898760741	5.50306540234945	5.20353669962852	6.36624632554999	5.60614068629748	6.03139839248258	7.2838338313729	5.22356217596667	4.70937564821256	5.35758006174898	5.88302037914993	5.8331819529491	6.63310305860859	5.51141246191404	5.85581415161737	10.0985827714238	8.09804256504973	9.34955523768345	8.12702307911997	6.10214131589734	7.79289374204878	7.30455088050028	8.88461835798158	6.57774610765255	7.20675829563271	7.9177387115329	9.58743569177898	8.72144176189874	7.54551973708001	8.60387894579212	6.21239874708477	4.22301319699401	6.36751805781678	4.94817645911144	6.14269750605784	4.94411206836025	6.98506101269178	10.7706174424206	9.49195730695686	10.2583680650419	7.10647037453765	6.30706514499281	6.64850925975181	5.9064798500083	5.93034983373104	9.74358515861115	7.1114293489981	6.88415908032464	6.95357919054085	5.71099969421354	4.93238546151939	5.80268756492761	5.67411119032857
GSM71054.CEL	10.2474627906879	7.52863325186998	5.39637409549178	10.3377744583455	6.22211404582329	7.13721068008933	8.93851435765597	7.79508534657829	6.56886146121304	8.87019233453729	6.09730438973504	7.83544836024235	6.17191990575531	5.84717529129382	8.79399263622807	10.6331441808864	9.18073079783765	7.35284577357424	11.5096012634383	9.58935434579202	9.96302175752151	9.94303643443998	7.9554709303977	9.28941429319939	7.32895788365393	8.68526371294485	9.16958344104105	6.62489669395375	8.57537207325212	6.03803718696413	5.66070216936862	7.17850370769138	8.67479760249618	9.09158060503976	7.34082721083072	7.40512493783772	7.50730287669756	8.58784434622108	5.97744592962292	9.96045431166335	4.6383597932625	6.70828999137406	11.2792281395432	6.47206561094013	4.80699173484358	6.20192393408136	5.61788292270755	9.91032609711706	7.32924523999118	8.9565060392741	5.86862095587846	5.9786042184622	6.20844655655263	8.50384746265136	9.10108016515627	6.40474319302377	5.4105579529535	6.48701208941794	7.13530825860645
GSM71055.CEL	8.52190149099238	7.14443620967221	5.1078263862326	7.49702759877769	5.40579399841662	5.9680711669601	8.87708034808728	6.07959082108946	5.29922865695893	6.08479344199799	5.61300673871307	5.40059046720476	5.85836223520493	5.14695566747818	4.82786582283829	5.32961373081737	5.70967378368498	5.5402814692901	6.55193805629792	5.71446831688253	6.22691255296639	9.73111751762928	6.27957567487155	9.83874103236588	8.36898656932826	7.77722277734407	8.44772997854903	8.27315846458612	9.10387295165115	6.52740259545726	6.51300869670476	6.73857540809822	8.83951058741382	8.71973906947719	6.19269378665639	7.64914714123841	6.4431709551359	4.29840047071179	5.71812842054201	5.32942515912743	6.45379233537604	5.3106951284043	9.35224847456429	9.50454314867173	9.29334445459892	9.71110739363723	8.09909240182418	5.86666449663855	9.56493105763851	6.89567169178129	8.10745660242417	5.38974902617113	7.07944990877264	7.04092108854483	6.26991360200332	5.93879322632215	5.0399294298074	5.78568903735092	5.56123809669476
GSM71056.CEL	7.54341599225401	8.20519547091947	4.98353177933709	7.35105846481123	5.28654825755703	5.70255165541269	7.48400047123982	5.68923152825042	5.39279241168043	6.1423800459548	5.65859558275461	6.04874960946865	5.58065588152616	5.07397072266235	4.83292453814969	5.93047409338227	5.90679459355948	5.68994955043251	6.74957508351541	5.57843326738717	6.42171287641002	9.36531533396799	7.84446962549868	9.90999042212655	8.66387659840742	7.93813677428129	8.18487851038396	7.989307941023	9.15945348091858	6.26741994506474	6.59026540502872	7.79494765787285	9.10932265431362	9.18482649417609	7.07777210913263	7.93593929825855	6.62818921497929	5.92930639573152	6.8080280210714	5.93311145963835	6.36110060848455	5.81139457233448	9.73718642339156	9.35079662742544	8.88079180062493	9.31825717426701	7.89981982797169	6.34176707741275	9.3590806609915	6.90911244546864	8.27426988818636	5.95238014032299	6.6832407767521	7.87531224168675	6.6533254776801	6.6472736641029	4.93909664602584	5.89247497710688	5.66779453501426
GSM71058.CEL	13.4695619632005	5.83929048715205	10.3391287464159	9.02159230349727	5.72120486218314	6.19288849962664	8.31466110835138	6.8053573368711	6.32277190643757	8.69909942509161	7.68132110898603	6.74039487467304	7.66465267111617	6.29818837689407	5.38463967883956	7.62220280943355	8.07386985294056	8.58141982345571	9.19470515805113	6.80043324431535	6.99626744965361	9.37205140264596	8.36779825906624	9.79892326073146	7.59028884721649	7.23413253287015	8.73374990156888	7.52004235331658	8.81626677743823	6.52106226179532	6.26642564972751	7.59837384768936	8.70866755914011	8.82392704591184	6.80063238769796	7.65462013192586	6.89205245367472	7.54178535877484	6.63028841412501	5.72960342929172	6.72926435543251	4.88393118757586	9.10740232295679	9.7662413214833	8.37420661687448	9.22940758940465	6.89111571164109	6.01842384040775	7.36396101625673	7.27912180283282	6.7079054691301	6.36167751107079	7.03575917303996	7.19502014805388	6.90761162919295	6.81192843825516	5.30425968298533	6.562207131131	6.41570699402381
GSM71059.CEL	10.0038987692644	8.66723863513105	4.82769008349279	7.47364982901296	5.46534803094597	5.62458503755114	7.06025821917778	5.75688465063483	4.82334498374983	6.59837510780557	5.58708131863077	6.36573674898109	5.12821927976458	5.00894045562894	4.65980720624402	5.66384623839006	5.9814239168743	5.90461940137118	7.11240162233	5.90964163013802	6.63778653943037	8.91973864442514	7.10787948496368	10.1335930057124	8.47742980194912	8.68191555336299	9.07649769130653	8.50259124487234	9.69646371520065	6.33931768515474	6.16038858136486	6.75236737118039	9.16391527749457	9.30083175305211	6.96558741387972	7.99753556586784	6.97625338624863	4.9580030184544	8.85419654332468	5.68714807027361	6.79345911804237	5.0253979331536	9.93436072307301	8.67895703535757	8.97465484768945	9.55455624761882	8.34752040522021	6.59733321800856	9.58036582818101	6.85771179857005	7.96167626061972	5.07193735947827	6.6483948169723	6.97522205060115	6.93221154780555	6.97348863044702	4.73296551827628	6.14370609827885	5.85179449842908
GSM71060.CEL	9.37159021320891	7.12381211636338	4.49538225886803	11.6153391085041	8.06596718067999	8.60063950525239	9.95816391271017	8.61322959757306	8.22795075328625	7.97127193704884	5.65990118933482	7.83943746606066	6.44573803001656	6.22874225300787	5.26573384867659	8.28299350936113	8.26184456129857	9.22889339967457	9.76064907177608	9.06038828926262	8.75517051114372	9.21601176960641	8.67802053506873	9.6180830024811	8.07873773276735	8.58919095432351	8.89531524029635	7.2753669359666	9.22326737276819	5.98538394547088	5.75875904083239	6.59196957386384	9.17347098844903	9.25335323212088	7.55496511312034	8.11808983685362	7.51561547749723	7.36104249451332	5.83990995794225	6.08885605977207	5.43160336247736	8.73641317905713	10.7714095871894	8.25673633138613	9.382758380206	8.53531724483052	7.21795406593922	9.26332652980042	8.3749488614095	7.12020645990285	6.15306323647632	7.29962184416522	6.77888954163559	8.78870725301467	8.79062257349081	7.81979434593907	6.68293063313502	7.59753314131705	7.80913970111549
GSM71061.CEL	11.6410062317599	9.46183959635496	4.63350975039357	12.3430995977269	10.0168010631317	10.3843544016527	10.3930906235518	8.81160449635929	7.9666385616701	8.77226899786952	6.70944238870317	7.85378707596783	7.2217023849384	6.5121765755912	9.03070594752936	10.1434587848598	9.35413472846338	8.00081690602648	10.8100114364205	7.45726074811762	7.56341800994054	9.1886650812843	8.49165039491421	9.10501482023844	8.09875122248137	7.45363134470514	8.58800610658033	7.86395758051701	9.15126323122826	5.97028421979799	6.02658957104371	8.45808617404199	9.21116745437226	9.26698976245561	7.81652605631053	8.21264455040364	7.24088146752273	6.85841368093662	7.04138776045321	5.25563588284507	5.73540168644264	4.83622993815949	7.71754251115162	8.7177391274116	8.61264493137733	9.28599030188862	7.17255377231539	5.80747635860108	7.0726391846708	6.00076094092149	6.00905497559677	7.58452132287249	6.95251225426273	8.31486970143246	7.45863713192478	6.75928988140254	5.66506657986836	5.80296122790225	6.8978097600578
GSM71062.CEL	9.67175190175842	9.91141427215643	4.64125017127872	10.8403896808719	7.00068577400235	6.82335379103223	9.86827067815255	7.49455876509494	7.21574154155388	7.70343969322934	6.36763977966982	7.3210726892563	7.39102242564199	6.37788835437777	4.66497047284862	7.1587916291457	7.97353408817097	7.85089649470066	8.27806320995047	6.98667507488577	6.5057783129513	10.1430182212576	7.83012390329123	10.0296459393182	8.02420092687708	7.97313344512182	8.46751222321935	7.76099488244385	9.12507855192013	5.93517519056084	6.17002530084558	7.83903727176994	9.25143173909411	9.14528490013607	7.77027318577653	8.65960277880679	7.44476136822557	4.1496757994288	6.23900016837151	7.34594592959948	7.17986465175419	7.02629711702799	10.1432564141885	9.66038937761946	9.63207467479715	9.53733189913621	8.80068988151953	7.74375780649998	9.33258127493513	8.6219962461923	7.62873393205749	5.99190035514943	7.56178682828445	8.45958220238652	7.80472244977595	8.11599619589719	5.55866961262817	7.15088962155134	7.23378695505401
GSM71063.CEL	10.1836438505435	6.89191786246747	4.68070357763636	10.2009446812598	5.27954613866472	6.37754117241545	9.38286963215131	7.84995435883306	7.62760172035035	8.21763346647935	7.53050308804285	8.73157389712878	9.45587249199105	8.38633715569422	5.85069631059865	8.23679572915109	9.41767239926763	7.03470081399032	8.6679486619122	7.82138683966627	7.58855818945224	10.6435749195784	8.38207134247507	9.05157985916986	6.90372707312856	5.24592158778756	7.0742881635347	5.3531082815296	7.87351935947715	6.01647834548886	5.9005270415667	7.11676575421684	9.50432289240464	9.58531068282912	8.21919758104732	9.0456710861652	7.96787474066335	4.56802292375186	5.32661530557497	4.89111832897081	7.7833811437734	4.75194432539773	8.09355020153352	9.99360923166673	7.93424576623073	10.0083048625993	8.30821861407625	5.85259595256518	7.70073025322439	6.2274494089278	6.70209821710423	7.41771519395122	6.93584326324855	7.63210630116141	7.53161983100159	8.08348348394314	5.87049074627103	6.97718142513078	7.26744303615694
GSM71064.CEL	9.35664981704368	7.79637178461343	4.95487089151278	8.98482835445845	6.02194081820688	6.03025551241395	7.86960433558688	5.8064739024787	5.18342967423655	7.0383505268442	5.71650034766573	5.07516196006809	6.11564139791877	4.8769199743965	4.69579979757355	5.89362288521979	6.34809983059049	6.78376560200645	8.15819222750576	5.79050918195226	6.21229833619001	10.1994121077806	8.27624702054976	10.0202500400421	7.83836431100092	7.44077648791635	9.45745663863232	8.91023771890157	9.87605856125085	6.25861854555731	6.13514096819254	6.74736142820326	9.24215463859688	9.52742008618636	6.37940427509855	7.82865567173029	7.18193733119676	4.53048098314625	6.6557194130161	5.89002136094167	5.91269478175701	5.35974698213132	8.90952219878573	10.8298780274392	7.96006503469926	9.45163081424637	7.80997524465917	5.99743613902042	8.32000276547539	7.26919412990856	6.69097864414425	6.28200735579251	6.89235541542143	5.8914156124049	6.63359470609591	7.23069523794297	5.01074927990202	6.60440630087728	5.76450660204438
GSM71065.CEL	9.76610180485035	9.43074061558078	5.31288265061803	6.69550641741167	5.6617216456367	5.94804713006896	6.96725212287876	6.20726583984334	5.80118492831581	7.30261144035737	6.02722539201034	6.24883163065042	6.70109260080833	5.62139817647316	5.25702132895379	7.57655582917872	7.49828242573585	6.01694055958516	8.75301558572427	6.17092445669609	6.76296248173968	8.70856642237203	8.08917367527724	9.65549236398273	7.55870483290336	7.18186613197224	8.00795811040551	7.91515973449782	8.94276441980628	6.29476323925769	6.44189103631093	7.26060255860556	8.87648579467949	8.60642991930834	6.3113833553246	7.30211221146723	6.92851947819425	5.90650508370944	5.58023981721813	5.53349012487497	6.26929491478644	5.09604158351432	9.42574470684755	8.44628520591375	7.95269377416149	8.71520103252983	7.69025669495906	6.18992783208368	8.12805440228944	7.54069659112097	6.4423822462729	5.68613782224618	6.48301862814333	6.7981655528644	6.37799714592621	6.44745075068617	5.20288683328269	6.07568973180662	6.53463131333532
GSM71066.CEL	7.81452026230298	9.2540880885888	4.90773043114994	8.09876585114265	5.41467985712076	5.71802624788948	6.75879899911762	5.68336673448235	5.20512971496758	6.23714511722668	5.47280602035477	6.8116612182205	5.60580100296971	5.11805976366083	4.68642048240451	5.69805553901625	6.41370821074027	5.48193580826726	7.52411711338488	5.67389197829661	6.2752059429018	9.33712286048879	6.95357727465834	9.62469820074184	7.80988346426884	7.3924185988126	8.61440631293633	7.02672641804023	8.30859278285547	6.29169944162908	6.04029468777039	7.40807658308072	8.53519466445566	9.15067629134511	7.79826514236486	8.68318755073658	8.21193063454807	4.19754915117758	8.19327440749539	5.01267079308956	7.70610839591056	5.03193081841905	9.12618716579915	8.14576141157151	9.30453778004655	10.1798113689471	9.24797417108155	6.46812933028591	8.868892721857	5.99348552008171	7.64225555550636	5.22928896099021	6.5223705757612	7.73036501446511	6.85149267488339	6.15105845487571	4.74681065168802	5.84559928259742	5.47051734398005
GSM71067.CEL	9.19175623319644	9.62265834130708	4.89362729055993	6.55613513517451	5.18238970543289	5.45933669937296	7.95975110902915	6.01881733714338	6.51036715935654	6.46765270978662	5.48315496012123	6.51723965058967	6.30167940911521	5.24228660874172	4.59302779364883	6.14493987964163	6.51269879997874	5.7699165198973	7.32146603787598	5.77130723505295	5.98343482155376	10.5702260887366	7.82360675489281	9.97198946274979	9.03223311380406	8.10609147567055	8.68022800745089	8.59587584352447	9.2984318622915	5.94334820746292	6.17923586330889	7.67714076652371	9.71062982153926	9.12286629793427	7.76176479572463	8.83606460571816	7.62789311495011	4.5298524250404	8.38162589460466	5.48470254110167	6.87423738580536	5.13047980477686	9.69831120599213	10.2060778049121	9.68710312704839	10.1331520741731	8.95392785778576	6.60145088639666	9.07298799692668	8.15904013946189	7.96951409343946	7.63201625793761	7.37855176086518	8.4663430241364	7.64258016364048	7.75989911980333	4.90533146484828	6.69297423241385	6.62702825361795
GSM71068.CEL	9.3950184908845	8.80704715050692	4.64135818139765	7.37026600076571	5.2273097642113	5.45136146292148	7.99040625811216	6.20463166814299	6.00741161031172	7.51957886882283	6.1838274451054	7.73631958566219	7.59818762076138	6.39710398647485	4.75900972914315	8.14313121166079	8.4661717462599	7.74739220080924	9.20753550619426	6.70244507332417	6.30667354141278	9.81807125451084	8.09601958416468	10.0142769582764	8.46247944268706	7.33088865267817	8.49532255311317	8.29370580337224	9.2167327471957	5.89734710707775	6.04351841886363	8.21980915897929	9.30279619124056	8.89675567479262	7.76572260368843	8.52398901864238	8.54051402493357	8.32679450845487	7.51681334045742	5.87916852313915	7.40136309431679	6.31957164645058	10.0801896985092	9.22005537040796	8.40110267293147	9.48243815134702	8.01863216690436	5.74532820457036	8.51705462207557	8.57771530563829	6.20127268687787	6.79356922982893	7.2919368526248	7.68044126163664	7.54297527462212	8.1261490777224	5.27669651100719	6.9889413914591	7.15962997491707
GSM71069.CEL	7.98296911396263	8.96657355832152	5.08978118749829	11.0971912055454	6.76182775049766	7.08430927076762	9.68737228453079	7.4116947717266	7.63452099935219	10.0921931825422	9.29253133177634	8.40153839307047	8.54010879710036	8.14726601820476	5.41807221596459	7.42778027085056	8.92283584900428	6.43470785222438	9.91966454346506	8.03394051133989	7.48576845051024	9.72509353473612	6.57185593086578	8.79021577323719	6.16811561248779	5.76097906080474	7.04959762069537	5.8308340777431	7.56008075586733	7.4912188523581	7.43262555664464	6.39636621774	8.04734798835458	8.04445166341343	7.27281593028385	8.17840330439237	7.78568817975743	4.63074480623818	5.73942961895605	5.42486703662383	6.9355425116125	6.28507435436515	9.04498829874806	8.86364063871959	9.50353205869274	9.36212670390809	8.17075700394917	6.05145737150584	8.3865996293789	7.07731568743801	7.20204352423635	6.20104210668193	7.10864924628328	7.86620910382901	8.23502915020845	9.28124293453784	6.94069833169431	7.82771282197895	8.45645546485032
GSM71070.CEL	9.36829147362974	8.50608798193859	5.21095691332266	10.3556105613179	5.92747051934745	6.57709877777397	9.63687573278153	7.24984578079595	8.05943253470652	7.55668231625864	6.56130810112678	7.09417868333781	7.32701358455201	6.84747786402772	6.05201004240767	7.79591390380973	8.37007373653067	5.86714751903706	8.3456502030399	6.86583099191769	7.54843055941626	10.2440286445414	6.88621834249638	8.88140562578832	6.40685463154789	5.72403660606659	7.05906810901972	5.82361432174042	6.94244429856197	7.69763222907812	7.86309685678872	6.22884200930644	7.77670850381397	7.89664354444305	7.18887022974772	7.94528321458165	7.79269090094142	4.92295249146639	5.83328606908427	5.86289015735488	6.26299252631684	8.8591211242004	9.84393518217966	9.07358950632378	9.26348645047751	9.09266145486519	7.77902060699969	6.92849641157607	8.34523227249738	7.1893928871056	7.50220945969834	7.18813331081915	7.04163797120125	7.78130648786994	8.17525782573455	8.98039515801696	7.42583864716183	8.41899999165342	8.74651279032357
GSM71071.CEL	12.0723764911048	9.19543280963595	5.93857910845704	7.84544859127571	5.52680449935606	5.94127359798592	8.70496700498891	7.18768511420834	7.65990409746824	9.71147210299626	8.66135486472329	8.53743062341509	9.43600292997614	8.62710670401359	5.67772871865365	7.93547884764935	9.55931466350029	8.62580842474424	10.3119758616415	8.41963276625363	10.1330936916085	8.18832881498762	6.41181163170326	7.95364196255159	5.68627163930422	5.89932736095479	6.6985098416784	5.57646271421924	7.3259953315292	8.43530365994886	8.259635469468	6.39853809278933	6.99130934800322	7.41959879269197	6.29466895959166	6.6294303957638	8.2025320294718	6.851465335034	6.17364641866853	5.50831906780357	6.64290931537713	5.41554993503165	8.420154687663	8.13821136200209	6.93778376520824	7.91859593526647	6.76254434540483	6.09533405462099	6.75423587100009	6.78219302211251	6.21041334876584	6.12949911124737	7.03982050566254	7.63035280926179	8.41416046706026	9.44132241051873	9.2179882622241	10.1057084859306	10.0035306675477
GSM71072.CEL	11.9482010393453	9.77077262548444	10.2841036836215	9.04423018245399	5.79693051294276	6.2573412322008	9.1095677529858	7.61535674766991	8.05112931450306	9.6443768203321	8.83881132305405	8.18165063298992	9.09832889638356	8.28934374582088	5.61895795685759	7.54792797215487	9.19651005127541	7.90267880881591	9.86596057903513	8.3559095826979	10.1746000897712	8.30493823863236	6.73453246383239	8.21721673770142	5.86955392640606	6.04787747897653	7.02872413476042	5.49732677331216	7.15579075497543	8.30535769777478	8.22090557299602	6.32711355790523	7.13105086199347	7.54918508299637	6.4017733488851	6.83913738509578	8.55041707201253	5.92158926755416	6.09419561516198	5.68225720247835	6.73016969215159	6.04998463448289	9.17971688466724	8.23901161135953	7.35690971609146	8.06614982564589	6.86588473463082	6.59572289834046	7.33886197845978	7.03607085206848	6.41698653342191	6.09782541106495	6.92739201541661	7.66307317239466	8.52361819618103	9.25270917387896	9.22851045770555	9.74386774667431	9.93788397740948
GSM71073.CEL	11.0246438460354	7.59521784846207	6.08830448723212	11.4275064281474	7.18028443616756	7.7873398678218	10.1161949087112	8.63544649914865	9.09325951669816	8.48658546994742	7.11910502041	7.99654140048068	8.24688492366259	8.24998320165208	5.99549448304615	7.65593632429348	9.2621049150898	8.64834187837877	9.38805722117909	7.59458602580183	8.6746838555674	6.45516573243881	6.113224320649	6.39960688710351	5.88355961520226	5.8659877849487	6.45262668204701	5.52626015064904	6.99982845827523	8.84354484847723	8.5773353387191	5.84556173112662	7.07864902844993	6.83926967120156	5.97764698894951	5.91777897966052	7.7390197425178	5.23339272814662	5.57354182694152	5.51877610667748	5.99579570028428	5.41251156437256	6.56019092212141	6.14374451525661	5.68873564059677	6.47497789311761	6.45346996275575	6.68918751425667	6.50933894564417	6.08481735600686	6.24816607878207	6.27789184884737	6.26951637427548	7.44246241770151	7.80607190859223	8.89718724868277	9.176604769403	10.0941425616763	9.59793534198649
GSM71074.CEL	8.91770394699007	7.94692396179433	6.25651236239112	10.9325107151689	6.39948137126196	6.93800154790292	9.07287875865143	7.44234927527694	7.96208516400948	7.24862168807016	6.48004771291139	6.59689873726968	7.08630975231122	6.85228222070041	5.96045668046363	7.001500751087	8.08969937719238	6.98484700220958	8.09813074723052	6.72173835447168	7.60167327835467	8.08656901693034	6.07878505014442	7.17409530530922	5.98484047303533	5.78013288389577	6.225235683268	5.57840214088165	6.10194922991965	9.69350590631042	9.03963141194784	5.36689586182693	6.19255664737249	6.10315108282237	5.13685105354014	5.79069514489359	6.81669161342668	5.72135621980516	5.51640995400119	5.65740982047443	5.74200074611836	5.65155420446597	7.49222417842056	6.82487429580594	5.98999830204711	7.14054131715987	6.40670689334888	6.1966868144192	7.14674391223975	6.51715080931729	6.24754916899214	5.78629335631252	6.37394005516029	7.14630006047968	6.80327900972276	7.65843708348188	7.65942608744351	8.60928428687145	7.93934679704193
GSM71075.CEL	8.2951118317017	8.86901749162414	5.23258382127355	7.20456571169224	5.34180306848977	5.86424789129871	8.20035091964692	6.45850989482804	7.23341762870112	9.92080937385907	9.30605744810214	7.73759192159063	8.56933529425624	7.54885866228229	5.3742996116295	6.48465034627523	8.15884765789189	6.65814005832926	9.14887742378092	8.0883839022052	7.04409750209745	9.52234492182848	6.19217159986443	8.9506424443975	6.23254783181762	5.72069209286216	6.88125873380574	6.05998126884553	7.80239675440385	7.57915890301273	7.61478584267852	6.57141029878601	8.3230675966585	8.03507655083388	7.28560091589818	7.81699548896687	8.06382308831882	4.73425356920838	5.74579417029463	5.44936005690627	7.32319715708538	5.16115513572156	9.69822082783034	9.032768031686	8.4035989158139	9.35287597440022	8.41655799721136	6.32428846558874	8.21033141699324	6.81521153275779	8.0334024820453	6.49247665675507	7.22376618293019	7.64251198398163	8.06706367881341	9.22123852471239	7.57542425916765	9.17739681433544	9.20066824663911
GSM71076.CEL	8.83123644874544	7.60688079347353	5.48522771038072	8.61144440997313	5.51377823108754	5.99073427372791	8.81369592878153	7.0441130122868	7.87737836041658	8.84965265856492	8.23584746069039	8.20071630974082	8.5700587441098	8.2008361287797	5.64446576889579	7.45361277844187	8.70255437222595	6.1647886520505	9.05655831058948	7.55227710513019	7.22934310518869	9.60248424927379	6.83805773530804	8.12912424204245	5.44788530729618	5.36079066298528	6.72418013228036	5.22830245832566	5.93081057075471	8.37765567038097	8.21587789793249	5.3552756083893	6.69642669149851	7.00490837411239	6.53867786572935	7.56884610319018	8.11271465355234	4.90424338425151	5.84780283410662	5.44043301800908	6.65932811456053	5.3083341682539	8.92879411670358	8.7609292799003	7.66682675690468	9.0272691159483	7.62420765510823	6.35243815420427	7.51833020089845	6.96141389982423	6.64121996429341	7.22693923654382	7.04958124552581	7.71720735211621	7.86825898375713	9.12803025336855	7.82307026638011	9.41915209516177	8.81564220372761
GSM71077.CEL	8.94642662980585	8.12012953680692	6.59483727497566	10.2692474429266	5.97947950377587	6.74943156507501	7.72055281387517	6.7428876689998	7.43226301490023	6.46611651304101	6.25750837122968	5.92287999592711	6.52212129912563	6.3504681771392	5.97159235607489	6.1997819835983	7.27283996200416	6.00771590210432	7.07288293561346	6.59224118871513	7.8812962274646	7.52581915990417	6.19494544881733	7.15085845245217	5.86074880168825	5.53765087503057	5.45114267957163	5.58972481703473	5.59397844317007	9.91478172373965	9.305057761584	5.19669583283413	5.45594861999329	5.71152856686183	4.79689622816606	5.51027024006467	6.34503301010841	5.54132208157698	5.74321599921234	5.99236895266446	5.39488814238143	5.71019320922826	7.48218977633746	6.90356649649973	5.57968274241663	7.11029492149842	6.08645938549831	6.91658368395898	6.9623963630198	6.63191730154689	6.40948570304843	5.87040354951011	6.24594211588102	6.63205572266419	6.64670306653583	6.48579173988131	6.99678085093394	7.12768247458542	7.30244888741088
