	CGM_0	CGM_1	CGM_2	CGM_3
3eb51a70-fec9-4f37-9f16-ac74229f68e9	2.680101610249208	3.569934547790615	2.4220981594725353	2.4218668881942653
9d85ecd9-deef-474f-8dca-7fbbee531e7f	2.52886820241217	5.515931515429363	2.46987703377292	2.214474064415061
90fb6b38-0bc5-47ea-8142-d329503615fe	3.040748081932354	3.215600889771095	2.2613795870260756	1.9390044815071779
e6c6d387-dbaa-441a-a0d4-84e355926bcf	2.5074146389122607	2.775215969294295	3.312051773947617	4.350124782470924
ca6e88bc-2456-4987-beb0-d3700e7e71dc	2.045889990174786	3.3125297496286352	4.094645239474716	3.2322173882741767
f969aca2-3b08-4fbd-beea-82b5f1c7f981	2.693847499326301	3.4387488190652404	3.4230625254998936	1.8074183886315804
bc89c589-8a4f-4df9-963b-9d7a2cdedbdd	3.93158362522939	2.1746385443958376	2.2718928320813165	2.6377298188276423
57b8b640-efcf-426f-bc01-82c4c58ff02c	3.3973157082067886	3.0105504852216907	2.680548235444579	1.9602387207331609
07355e77-912a-458c-abb0-01533f5d4a9e	3.136536180496436	1.8872069449500242	1.9242386453420035	2.2116062320092373
a4301a19-9d37-4298-bf6f-08d72f083e40	2.3994742431482954	3.4852938608866775	3.4646689879927846	3.0017870044097554
4d99171a-0545-4eb4-b99a-ee0d4db75920	3.2816386591532583	2.6004973873159534	3.185471907859229	4.525929099368871
d7340acb-9a98-4153-9766-a6748933441d	3.782658112588508	1.7180432172376245	2.4662115267353713	3.1570033676518805
d675b344-9a99-4ebc-8297-397bf1674e25	3.876607541036636	1.833587095585914	3.3196288790164052	2.464978518144943
2df2d356-db5d-4c2c-b0e7-8ee7bc25e68c	3.054895988047698	2.505406975567787	2.6501376163023065	3.6486137307493167
5916b276-8e9d-41e6-8c41-3030c48cbdce	4.261372281967867	2.4271140250225876	3.0761348652678855	1.8420465341261962
5e5d8a76-04b4-4946-8715-6b61ac46783f	3.9418625549436306	1.4049482298021956	1.4180255509237325	1.3202447230197716
fdd30c10-1cff-49c4-8acc-a1fc9f3dda83	4.426171620521248	1.7667550448263116	1.4987151012926376	1.31861096280258
7b281a36-35de-4979-8684-b7399e9f7edb	2.5179403023874936	3.433076048931619	2.8362910708227185	3.374335105910926
f4633f46-6081-4ab3-a53c-9497df3c4616	3.0031892636335598	1.6969041844467205	2.3294875744131414	1.652052707903872
a57fab5c-b3a2-46b8-be89-dbbd0444a2ad	1.9770873346916622	2.942454119825243	2.307791446207171	2.505084544955988
4d356fe2-d8c0-4e7a-bc54-98887c7d0847	4.059244666157905	1.9993150628559462	2.542281919630435	2.5023733380680815
ad22b08f-0bc2-4bf3-96c2-9cb3d65c0718	3.550615583548916	2.824747130045724	3.71895132666975	2.2661584569367945
4c98cba9-9640-4e1f-8ae0-292b5d74f8c1	3.8734706705239432	3.3580090932753452	3.530044697209238	1.816301252369259
0c1581e7-b516-4eae-83d6-e6b12d778be9	3.9443903497495882	2.6822729692045506	2.277056190081262	3.164705497748491
4355a25b-da41-4e70-8c23-1d5ddfdbf7ea	3.339876362267123	2.1089277099642905	2.177910865249146	2.648163362646656
5581bfdc-8192-4e79-bf83-0c61d504dc62	3.6121953885124674	2.9122223979213175	2.9097850607104627	2.457214664142471
4f9f672d-2d55-4500-a2ae-509b50fc134d	2.951769498636561	2.4861398553000345	4.2591897593961185	4.043815912338406
d8384652-223f-406d-ac4d-4bb0d668032c	3.676302324842312	1.651647357769522	2.355506669692138	3.3020536593424894
3e0cf0a5-3791-4baa-9adf-f5b752ea48a4	2.1796679377306307	5.238629558510752	4.125114787412869	3.03410065298728
66db3c55-5648-44d5-893b-a3037e1c2f9d	3.5069003578338562	2.1380289066862055	2.3293937741445685	1.5828699301145268
a1d27fd6-5666-4124-a317-a1f6cd2b2935	3.682251314152342	1.8706457934270706	2.4587829180077625	1.1339550369202724
cab65bb2-c00e-49b0-a7da-1096939debef	3.8517159762767825	1.310492300047766	2.016110011549638	1.3026838309332058
54d3e578-c36e-4a04-b3b8-d6e40de39c6a	2.4459798511301254	2.466761652262715	3.3580219763142236	3.5610593893237437
6f4576f3-571b-4e51-85d1-78ffeb174303	3.3286464629915447	1.6115805987493437	3.937056990854648	4.095598022392259
6cffeba2-09ae-44eb-8299-f16c1caba2cc	2.785239062696753	3.4847828569316297	2.0766969381680855	1.7285596394694605
6b3b49fb-5c2a-4906-bc17-1710e0f823d5	3.703922863703435	2.7264181806191696	3.5094531054303344	3.7022090375126444
b5a579fb-51e6-47d2-b681-a4f5c75dadba	3.413099191658721	4.382000105544757	3.3604397752220345	3.5220055320034396
a94c3c43-d23c-444f-b4d2-78cfa60aad3a	3.1485811605294867	1.785037857595505	3.3808038083851444	4.267886786900863
f263d517-208d-4048-850e-dbc477cedb92	3.0810866989815104	1.7986887543156567	3.8755236458444253	3.506629279549492
d8a8fb13-b8db-4294-8f50-1f3087020ee9	1.8376930186960623	5.339796027667566	2.0754856146473784	2.107889124494558
2660e6c6-b4c6-4d29-b048-4ce588b9e1e2	1.7394456538489407	3.311928530320662	5.00055642167444	4.895492088272119
96870eaf-bb4e-4896-87a0-b1e0d2078d73	3.836296906384487	2.275553561504353	3.7658149912115215	4.107319430395096
a4dbc388-4b0d-499a-82a8-77ca1aed53da	2.722224329033002	2.9991591643773456	2.3558153968982216	2.8405263058631434
5c773161-8a5d-4d0d-93b7-0f7d584350c8	3.6744156783973136	1.5466529563001086	2.0183287845869478	1.790806195751713
4beaecff-c266-41a3-981a-27d9b049196b	1.7664004460410117	1.818998666366888	2.101047259521725	3.540947200778877
e474edea-089b-4b2d-9911-211514cc2629	3.687432057455288	1.5066312891071538	3.0719197516174304	2.7057181929633143
237bada3-a0f0-4604-a492-e3182f46a074	3.7622960841376236	2.6463709190457636	3.788838805654307	2.3989243401212557
e3eb9c78-ef7a-4f68-8786-e76f5803846b	1.851162820992783	1.7513651765141052	3.1352698685342073	3.0611726715855903
4a152654-5dac-461e-a760-ebcf379b437b	3.2286833625356985	3.0991123886296466	2.094693064906619	1.4285968727166305
1f517491-321e-44e9-9aa8-082267ec9607	1.3695126147683008	1.5854927262707892	4.510845241280468	3.8604695508182507
59fadaa4-90c8-4f4c-8a34-3b055a1f73a6	3.8809886495429033	2.064791928542904	3.021783029616214	1.4545072289729506
0d9f45b0-f107-46cf-8683-8d9cbb93a8bf	3.7732046969887523	1.8490597938394902	2.018877263224801	2.8640562619098
094bd0ca-5f46-4ff7-b674-04c5b9001951	2.810842799707875	2.927844026338942	3.252794090134052	2.1555716569492764
efc448d3-a3c6-4df9-a626-907ce3d5bcfc	4.137178050912997	1.8432919663398715	2.232799706245234	1.7248560871182141
a9244207-0090-465b-ac79-20f4c66066b5	2.130187309301324	3.9825920794784055	3.747786556337242	4.335249353507641
9fa569e3-0c99-4fbb-b01a-e5e8e8115954	2.318357076124939	4.957328253484205	3.1780388661020162	2.5994570704564097
6f61614f-6903-4ca9-ad1c-1055d67b6780	4.0950170297223485	2.740480529211862	1.7892802033933477	1.6866806363588767
048da4d7-cab0-49c5-8bc9-78b1bf0b365b	3.515582860974377	2.170183014498483	3.127521278340611	3.845308661870495
eb5e573d-46b3-47f4-a761-df02765bd899	1.5567033622823532	4.907633239227115	3.0715905298141974	2.8436038804412647
960daf2a-8884-43bd-ab4f-06dadf4f8f61	3.707972404127127	2.4550476735477167	3.071622888564977	3.7026843235881453
c6035ac1-1356-4e1a-bec1-d950b3711f67	2.4791499917724873	2.7310143026251192	4.0918884985827475	4.297223274896699
b6b31a7a-dc07-4168-b147-2a67a0e4a73e	2.4700564248817996	5.089592371305708	3.0395296925656927	2.9684523729368566
70148228-2225-426d-998c-bc5fa1443881	4.148160850526699	2.0108426183585086	1.763977345895049	2.0006899695568796
fc84a25f-3de3-4ae1-b918-e62a1a685428	2.65953910224215	2.885050983763777	2.7083963983590635	1.687303383279556
acc53772-3f05-4d89-9cb2-3784007f96f6	3.2664442854288227	1.886888961521074	2.4013746916160255	1.3629478758471025
59ad9fc4-6584-4d95-b4d0-2b2b99b85efa	4.044913226582136	2.7234445622911645	3.187179587568058	1.6711662134951035
472e3377-06dc-42ff-9c0f-1c086144b637	3.3388221345409517	3.9196732517406065	2.498959102012679	2.605640586393805
3bc655bf-2b44-4d75-b1d6-47c12e1af743	1.2865577840764117	1.3665354400633163	3.0054202264388716	3.3573029625279482
9af3d59a-70f4-4bab-b3dc-eb76648272d7	3.4902137997487803	2.298133846564619	3.229423545511321	3.5807537539486014
3c5d447f-7b0a-48db-a155-189f73e7f7da	1.0757948604617513	1.3528989779815683	4.315404155150753	2.986803570119866
7bef9a78-a90f-447f-bdaa-3e9b821d5968	2.34724981261042	3.618735854771807	3.53628711082104	3.0992842652746875
99d9ed5a-e689-47cb-abb2-0c6a69772fe2	2.0727623583347494	3.6241866032633756	3.9442661467563034	2.865412175897128
cb2a6de7-fbad-4101-aeae-c191e64818ae	1.654948832025422	2.573564910095083	4.495247960381625	4.92280446637356
796b5af5-3ea6-49e3-abc1-ea02ff426a00	3.3391496357528276	2.845059456287057	3.8728463210847575	4.088618090126507
ac728bb8-2b0c-4a0a-9c80-23e0fb768393	3.0416042080654577	2.642696120663633	3.2089043059277453	2.7209816789537
827a9b0c-9833-42b5-a27f-308e8107c14e	2.084124979198415	3.8548789867302076	4.000837008467646	2.939517532507502
b7ee9c20-cf93-4c93-be18-623a05620ebb	3.3484587345318575	1.5738817015229256	0.7090133768564928	0.9625629334189059
670c590f-ab3a-4da6-a725-21ab5ae09286	3.9274048973255558	1.806643954585623	2.452731225917039	2.9273416567314663
f2f0faf2-f758-48fc-ab5c-22742780b5ba	3.3742222965394184	2.6691622083219237	2.758022912269318	1.597160646028267
a422753c-ed27-46a4-a96f-fa2e3d301a2f	2.3538724300339977	4.329423148831853	3.6175458540114795	3.075273078525496
586d971a-7150-4a98-bb9b-68695f6a8a7d	2.2038040708891318	2.854105606212796	3.948739681335146	4.4578370828570915
b1f22228-9e1b-42a3-8f60-ff0e60b4612b	3.559905029147277	3.374564980208422	3.2083448612660272	3.3472222804155054
a1abdff1-2677-4c32-a91c-cb1623ef462c	2.0558060994442853	3.8947671973304208	4.089811548477976	4.61578596951927
5595d7c4-5d84-4e45-92d6-b51bcbc87204	3.8714943765320244	1.2857139144699057	2.950694222406908	1.1619253956289632
f792eb0c-3d43-4bcc-a6f5-9bb72551c54a	3.7598709311791674	1.5848646202625873	1.5937826347457893	2.156782651703326
3f8e9328-2b3d-4f66-a5ee-77690a590d5f	3.856592409321711	2.121569775270725	1.2554780740548008	1.34289296515369
a34b462b-acee-42e1-846f-cdf94360e19d	1.7058694688260012	2.4576809250179346	4.322668060015883	2.7539964335124063
eeefab43-73ac-4506-9d38-587f9e6d1394	3.5084784943090144	1.3693023257028407	3.751166727715973	2.5618176241689863
676db5bd-e3c3-4bc6-ac5c-0240f2a9278a	4.003614492323884	1.9688262692900025	2.5163838987679408	1.5808925468335193
48c06ad1-fb6f-4da9-9f29-f739b3c9eb5b	2.6308014766174255	1.3320493523697803	0.7815858128048441	0.8303451785256993
51a41e15-b4aa-414d-97df-5ea3b2311a8f	3.771792550878304	2.8687271477696843	2.2437311877494714	1.9525360177972437
fb9fb5e4-e0e0-4d13-9628-898ed183f1d9	2.560085351418408	4.216356838116291	3.861384830384169	4.384088018730047
60c2f887-6ef8-46f4-83e0-98186ac62ad0	1.8088770024546752	3.074397110290078	3.543207773828722	4.237338380892713
c3bb09b6-f161-44d1-a4f4-9733ffd20207	3.5433722376148604	1.2340342801653537	1.7337231392876455	1.4114771743206158
4db5b08c-f015-4cd3-b0ce-3bdb4d124b15	1.680545074896254	4.14620446359428	3.838236377314508	2.260547767403819
762ea2fc-6b8d-4d68-9b2a-98a40b584065	1.5515743520013636	4.93096637662732	3.184869686246294	2.520505027211826
89cbbe72-9061-41dc-ab10-d05112727eb5	4.003307911537132	1.6763832818798146	1.666788674733276	2.1165604708279995
efec9ce7-6478-4af4-9d66-5b554e715bcb	0.9234966544427491	1.4591450462666435	5.123834262685765	3.619727657773256
bf98764d-1604-4a14-8e06-1c785a085db9	2.7798807042442286	3.3357227760148933	2.242343704609074	2.9774445609964206
ea54af34-feba-4605-bb2b-82f3b7db84da	2.0682506067775934	4.025343350554837	4.400904094345041	3.47349574578861
e9d4152e-50a9-4811-a932-90dd83e8f7ea	3.5852438031666334	1.843997588096738	2.0475763308009216	1.1074042148029277
bd52f6c8-6f8b-4056-8a3e-8cdc96644952	1.4519068050443094	1.603368184164441	3.647605090450887	4.0073523076324244
34f45ad7-bebd-4525-9102-911239d5b27d	1.8884124964709956	0.9719274490365323	3.141286320621373	2.383389641463874
8e7ea117-cc02-4827-8be3-d99488389bb8	3.645786562309422	2.8524152867999693	3.289333737338404	3.4909937179717048
c3859e83-cce1-4fd0-9088-575850145632	2.855910240495815	3.1561941519637178	4.324945712036173	4.05635134876254
9ac4c236-3dd9-4549-86be-fd8c0b4cb7d6	3.498016841178701	2.1684885059419376	2.0722371604351504	2.9035180267242438
e53ef6c8-f873-4aab-a1e4-983e5faaead1	2.9319453703187532	4.006749804140593	2.4747374509022135	3.180282271436108
0dd57486-1eb3-4711-b4ec-8e9de0c4c5a2	1.3405018291040183	4.728119422321227	2.7645728787491275	2.847588832989039
d8ce29f1-3d83-4639-b02b-849510bc17d8	1.8033930017278412	3.8257060190272294	3.7995849785718376	2.1429476787172357
a1277826-2975-4368-8221-e3cd58f97008	4.025843470575016	1.9453009893683146	1.25784872772623	1.316959821893544
1f2028e7-ec61-4fe1-b8bc-26e909957068	1.942605897172521	2.246863555938783	4.53344640977769	3.1037725097425115
339643c4-b114-415e-83f4-3d45cb212e9e	1.1467549865473874	1.406519092716162	4.439804875951744	3.60842219356778
3a45133a-ac40-473c-9c32-015a837965cb	3.4133331674212304	2.001185855550447	2.7855688787078408	3.5755513859739816
48c72fa3-43b5-4a3f-a712-afce30a963b4	1.603149806738	4.360804451230334	3.105057074569979	2.3236628179183074
fd6e9c41-8a8b-40c0-ac8f-230ed9b4d6f2	1.8923493139545078	3.221096772960548	2.4503834952896866	2.879787121853935
78354679-491a-4177-af56-863fffbd7f23	3.237973698449132	1.7359299092361142	1.3550922050810548	1.4476885117305278
b8e668aa-1359-418b-9cd6-dc200dd91706	1.2197950539526852	3.7221809294579695	3.2801019835331067	2.8667788773980964
c8457ee8-a843-4b60-a7b0-0c802c547d43	3.4243985402521506	2.149485024075683	2.046577463361817	1.921703711298998
61e0673f-1e54-4e53-bab3-80117d5f8841	3.6146620975562493	2.6285998203342698	1.3993507537555596	1.6466130064522637
b362e14a-00ff-4f53-be6a-99440b3cd0d5	4.169183209604292	1.7473708680158748	2.211039878525166	2.231799286926465
60832867-d7b9-4749-a536-847f46299e07	1.6061318248786975	4.450377342540096	3.548268798966859	2.771503408795355
fc2c2d9b-9a57-4f6c-a84a-c42f8218cb9c	1.75339092414227	4.955900321739906	4.064211676602368	2.6228789461920967
2e7e37e4-d854-4c8f-bfdf-ba8ebb63d8c9	3.4452343927483566	2.586264520950462	2.3094831744379194	2.7777611066294874
a40af2c3-357a-4b23-8ed8-2982f5a5ff65	2.0863114829336378	2.0720346417489552	3.924776892679984	2.7526744432290506
95767ca7-d51b-4210-9980-4daa889168fd	3.7474731173406592	2.253888946996692	1.3304172685421878	1.6934796663605822
f881311a-b8fb-4a72-ac39-5fe6becbbf7b	3.148326452191358	3.5245020755538454	3.6884097203235946	2.57444370852662
f152c7d0-14ce-403b-b3e3-163bf3e08507	3.484439264929816	3.046897755941998	3.0285115733104653	3.8280369986159806
54991bf3-8da2-4bbd-a101-b9a7a038a05a	2.604170545360086	2.1765796946224607	4.212966944164717	3.0398025160353135
6bc46915-4f60-4553-8db9-e136df580a54	3.222721057186528	2.9303005344249478	2.319160959568126	2.378511454445089
33506269-8eac-4273-8ea5-0d8a4d82d329	3.3181521509212426	3.0121240256302637	2.613677419529346	3.258684858659228
2fd7f864-8f3a-4299-8890-d0347ff9b074	3.984565588543776	1.7627916262697358	2.4787396216685096	1.550291949805746
dd578d7c-9577-4bda-a1b1-1fd063206537	3.580317467058821	1.3098691123562936	2.2481713771000695	2.152866151097482
13624e34-f4d6-43d0-8fea-36dc5b731f2a	1.170817071396497	1.9190399016390534	5.117019398211706	2.7674842700935947
83db339e-52be-4880-b824-386d2a2f6c3f	2.764420331426607	1.390347582861776	2.6214267867095953	3.0797529082537394
34adff41-4eb8-4d9d-8cdf-b21b43f40062	2.7991682828096076	1.4549186848401927	3.113147077051694	2.8411205715830623
2fd4f1f9-57c6-4729-a541-6fa8a58950a6	2.4677076841044494	5.513740566350729	2.5254439387848158	2.9564189040828484
97b0d812-02d4-49b5-9865-d123d2d39f6d	3.4780913741266524	2.657249436523771	2.899118978135727	2.257129953010684
01d381c7-6398-47cb-925c-078cd538852f	4.0526449850547115	2.3041285128926443	2.702458395914224	2.5612306325377534
bac5cad8-043b-490f-86e8-b26325ad5499	2.3871638214429383	0.9300248008413513	1.9173565859532584	2.1928915269119678
540d3370-ee6b-41df-9670-650800b9596a	4.130128967197871	1.5227292366607812	1.9371028537930246	2.028427786169561
11e9f587-e1cd-446e-bba0-9991b1540e83	1.8555305515776452	4.031630331944056	3.5316581242962606	2.396624353915771
f4e3ab79-7ff4-4d67-9b94-527c41f6c98c	3.288150712682621	1.5283216518295677	1.3110702408931094	1.920025027512081
75d632c1-2a57-4a2b-850e-42a879fabe87	3.548489464624637	2.997096138361842	1.6637953561507985	1.8239249629637737
d3ef39a7-6a70-4a2e-9138-80b60e6c0925	3.6026499494063957	1.9391119408394457	1.6987109613399063	2.9540778399364407
0eb7d661-320f-4b56-9a22-5750cfb4f34f	3.616482531996916	2.6354309636552333	2.0955639133923136	1.419661682836743
c5d03736-e541-4e69-bac1-91560edbac0e	1.3102292766517583	3.3039275016686043	4.316608925972272	2.614797465358067
b82f5de5-c3aa-4675-b2ce-46b2a773888b	3.0981260908100188	3.269601570148347	2.3960804523986865	2.5523142524710414
698cc2fb-8b17-4b82-938d-835f703fe850	3.316744910469968	1.714787782346105	1.6363862800495543	1.2638063756201479
f34ead46-31b4-462a-aa33-58be37aab6dd	3.9433528630331653	2.067203242630968	2.4434279572339084	3.482871101940449
a05117b2-0fd4-4f04-91b7-329a9862ce85	2.8859939484473385	3.3623572315588346	3.788549256422528	3.674906504890297
42e9c6af-e24d-4897-8178-d132055ec51e	3.47429422746653	2.491511312872061	3.8543275987547245	1.8936555182714774
359de6d5-cc11-4b8b-add4-7d3577d66e2c	3.9051077982954028	2.431681051135317	1.3091066725611524	1.3702026114094408
7d6ccd03-8e72-4213-92e6-e919ad2b3d6e	1.5516074946370382	1.9750314114813716	1.7914386506557614	1.7621884815306843
c7c6b31c-ef94-4dde-85ab-33d6c1eeee5c	4.048538523371022	3.311747837962172	2.3758046632637666	3.476276749589713
ff721df7-5306-47c6-a5ee-e771678decbd	3.853751960926777	2.1316793447282705	1.7899297916093204	1.56713027994932
df5f1b7c-8439-45d3-b73e-abdee5e06f7e	3.5333088388834315	2.5596005597595743	3.604478892714437	4.431122354726724
123dbb78-446c-4172-bc3e-a5fe1255a7d8	1.5833977062768263	1.5804610334664089	2.5461236085205234	2.3031657081586037
f61fb2f4-d12a-4452-8c20-9679dee50937	1.964842748361706	3.202982413821267	4.376288426124592	2.470517838795586
ac7d309a-ae43-4906-9be1-9c09d3de5427	2.3628324284525877	4.025190945747774	3.132145247059925	2.3112916101642678
5bd14c65-859a-4e3c-ba5b-225ecb2a8f56	3.9048454187456	1.5234298922018585	1.2125610017762143	1.2975380313519795
ff95132b-c85d-42e1-bd4f-70a1e1171d80	3.0626830661586233	1.8980007118522695	3.0997746502572467	4.506718698300658
8618d34e-2e2c-46b1-a36b-89d8968534ce	3.852067282266172	1.438277611944029	2.79799184148923	1.2314946566699914
9c3cc0a6-19cb-4f91-a24f-570a80328908	3.9121259094973975	1.7177603532852301	1.8328063870794609	1.558515774193165
b4ae8845-cb08-41d4-8a34-9ab77bebe819	1.8178239668301406	4.646264709612657	3.622194711246043	3.4821217239312126
212e820f-8d2f-47e4-af5a-b9d5d0f828ea	3.791513452541147	2.0543021646285116	1.5314736432757097	1.4080132034650146
d7c791d1-bf6c-4542-a2b0-ae98db5aa653	3.291974036282211	2.3096757286347103	3.390521880105256	2.829710582292153
cded68ee-b3c2-47a4-a95a-265192af6b09	3.7285931562243815	2.985966508039341	2.411336180322772	2.2380372171013594
252d07c5-f0a0-43ca-911d-a7b1d903a975	1.9057053641998247	2.34312367421299	2.0000701719917	2.8085971256984124
23c5c858-c993-4532-a343-9a39d10dba76	3.366480517926265	2.138703847295635	3.710298402904747	4.680931033609568
a073f686-b7bb-4831-bd74-a5f6411c4098	3.1780573332455133	3.5900323105523197	2.234459052322206	2.794547435033369
cc1fbf31-0db0-44eb-b18b-3ce5bf323d66	2.48980861875815	3.421139149887202	2.8768965588049276	2.736348812034281
fc157386-3d8e-432b-b2e4-643daaa05e58	3.4862981700859876	2.146138095102685	2.995655632907396	2.908535694794802
63c812a4-c084-4689-876a-a34db611aeef	1.769304475819375	4.193521985896122	4.827267234416175	3.0738443622588227
09549fc0-c1a5-45a8-b053-dacfc261f40c	4.074090654613421	1.6917999969555035	1.5466704302453689	1.3873910541431214
261618b0-d45b-4115-aab1-aebaf576d6ae	3.024409647661966	1.6934909514463903	3.2765211965350076	4.5508482041654235
3e8e666c-0c7b-4fcc-9fbc-2a8b1cfb4c61	3.0195038092303186	3.844669982037416	3.452495821523291	2.734465270347359
2877f6c0-649f-44d2-89a1-4a6ef2c8ec19	3.998805710293412	2.121395023125132	1.4803171820045202	1.0861721574082719
3e4e441c-a556-4d7d-a8d5-9f49ee0d8b1d	0.8345565826417315	4.003608182990814	3.283372376752321	3.059521807043513
e72ffb47-2cbf-4cde-9431-fffbf50f5013	2.961801052280651	2.756492259977265	3.8307567148960544	3.2723113525568333
b03b7b9b-00ef-4e0d-bac2-0b1059d57a87	2.2057571478072022	2.4951096433696063	2.767068534892632	3.4987996105941153
9b7ee08d-b03c-4c4e-a295-d27cdeff5e92	3.972340151498871	2.140905564017723	2.8433711048203207	3.7646540010268734
d0c7c4ce-3089-473b-9f78-97be72f8d69a	2.931825397478717	2.1384614827606305	3.5564337919695337	4.340385993484677
b14bcc5f-6c85-465b-9d01-04acd13d77bd	3.0204597291509714	4.00082524940314	3.3594018860829062	3.726789936346446
11528963-2ae3-44cc-a1fa-3a1ef205570c	3.463426034754335	4.211877275087706	3.630603732510989	3.2282535693597754
5cd79afa-f5de-4f1a-aa52-d9c7a63c67c8	3.859530225746611	2.323445920025957	2.5405029029395303	2.888618150059532
30b0aa88-4e4f-4c03-8d48-6346abb93415	1.8314579598976226	3.4561918137581658	4.452989080097727	2.9363568142529877
21992c62-7349-47f8-91d0-3e55f2f8deda	1.7914213901211518	3.9658839338898164	4.871981858959091	3.565410059998204
b36498b1-cabf-45fb-965d-ef191b77a5a2	4.06425902715879	2.5536083654156863	2.215851898446962	1.0410670951392955
bbc327c9-88f7-4f7c-b874-814496fefb38	3.1670860915979153	1.9261634524202094	3.1270452002697886	4.798884822098952
5d248c5c-e008-4510-bdef-2417b97c864c	3.630023347766338	1.0492293485612185	2.2843880446472613	1.913582621360545
1de8df86-f564-44c1-91ad-a58df8004911	3.9668665002520234	2.2871867990105867	1.9047736555418988	2.616096513366036
79cbd304-58ee-450b-ba8b-7f0a41e5d298	1.6368507153019456	2.896935690091264	3.285193649793081	4.0113810428801955
e138614d-91b9-4a50-8859-97bc23d41d6c	1.4777251037025732	1.9015808611921365	4.449402007601092	2.313971613672039
65ddebff-ab5c-4d45-967b-74f211274363	2.485950209371096	2.689587199562556	3.536135613592945	4.086841032535567
c31ed820-660d-4266-8b67-7a0228f2df77	3.5629903922198154	2.90901464100188	1.8005941572477555	1.100876321574835
0b4e6a1c-99aa-45e3-a343-c16c26923d40	3.297288110248983	2.0618817164669543	2.719874995634466	1.808340952174032
cc0a4389-50a5-46e1-a793-565121b1f631	3.425943315619177	2.6801538529332634	2.801989092446209	2.0795337589637857
400d229e-aa12-4276-ba02-682e26bd3ebc	3.636561218507558	2.001490776817761	2.288037491224798	1.808369113332805
10587870-10fd-408b-bf8f-f97bbf668952	3.1248054119789352	4.44124993959027	2.3653700555024564	1.5532415899357415
1272d054-b190-487f-83d5-77a8cfda9c0c	3.9368792174136726	1.7782632469686903	1.9825606353659753	2.68716085124086
6d492b0e-8e87-43d7-b9cb-7a57eca9494f	2.458779135193989	4.157516955662965	4.122765095088213	4.691260157112923
1abd183c-a740-42d6-b913-7c41a794a3a8	0.795977310241261	1.6147641224430758	3.841664048568237	2.5551001661479966
e33cec2a-d24a-4fef-b5c6-dba7123a6005	4.286074388143977	1.811880753328983	2.9857044119507115	3.364818696352958
6e051237-5800-4b19-b95c-ed8409c5b6a0	3.136631485846223	3.177170293596754	2.9074192238437755	4.132403866085348
b483de59-dbd3-4fab-924f-2879bafff19b	3.939917323578281	1.8088790213458443	2.8807626958536035	2.6054940223524006
98602ec7-f83c-49c7-a233-1376d3c87f6e	3.476124989786845	2.058696315982242	1.9595268551637175	2.145779227682443
6e8f03bd-2f61-4afc-b104-b4a512cb3a10	3.1432879463562458	1.4973720002870234	2.8049561481930767	2.9030547260009167
677f2370-e186-4842-b410-345a07c0fdad	3.677985437309226	3.428663428357357	2.8682504121834294	2.601968237399067
fc7c869c-a5ac-45af-a397-4c6709cbc271	3.2586927894085256	1.7959985713126219	2.5008995380034236	2.8282380143210055
0ae9c185-e126-4848-bf85-65cd2bd7f1b2	3.7210927345283555	2.899850776837667	2.486270600636779	1.6520415433400188
ab30d269-4c07-40c8-81d0-3212a8e94b22	1.209330337881449	2.7408975767455774	5.048986889946276	3.837572864203391
7f84b583-d817-4e6b-ba5a-eefeea0696a1	2.8608722925163015	4.28965826704053	3.951234063121242	2.444446737022849
62162b44-2b73-4125-beda-4d238da07b57	3.58563967450995	2.764175336497313	2.8568976830915136	2.6884723490446234
bde8adb0-674a-46a3-b9c3-079bc55e6b84	1.4865740023742076	2.46393387329687	4.358200838652146	4.9596427205204545
c60f5d01-ee5f-48ea-808f-f753ab98a850	3.6422556738256993	2.0192281204775298	3.2261866585014487	4.23490212847222
99516a60-a265-479e-a779-81703a4c494f	2.1352335897966346	3.973802804041722	2.843098158406917	3.1720411774790014
97d3ce96-9be7-4460-8729-53b991892c11	3.735125441969589	1.6544671305687135	2.268156751653149	2.8238769328814803
7a47ff36-fa81-4b90-b88c-93f67128570e	3.7339585129422135	2.3062695672320266	3.138943617532182	4.0521951038632364
ff6b582d-e2ac-4cca-b436-8e886e6cb518	1.342166660925673	3.366661651121638	4.64833908053528	3.738063690416473
e8a28c61-858b-4904-bf49-196d4f264221	4.290661872413364	1.8629077618655518	1.3055540919912922	1.1376907212141316
a4362780-266c-4912-bfb5-ffbff4661e4a	3.415356615288643	1.6646196319246602	3.390925688507642	3.578118344230044
a71fe12b-33e5-4ce6-a39f-c506c7e1d44e	2.3040562724027898	4.0994931567777	3.463664430401464	2.0080856643821416
aa60f7c7-fa2f-483e-8c4b-26f9bc4b72c3	3.522193803160343	2.311201979574152	3.8714991008331734	3.9945674658417554
20b3a2ac-5086-48f2-81d1-8f65d92a2c29	2.0189312028599518	3.780414227524156	3.486307624370504	3.8364630578150374
221dac32-9dcb-414d-a68d-238cde1178e1	1.8176815169957679	4.414408460419087	2.1035168323318114	2.741252028983759
9a59cb30-89ee-4061-be7f-b5d6f268b86a	3.395759678603827	2.4413211344370063	1.5094412287058945	1.4948286877816293
42653f5c-0986-496c-b75b-63340fa7a3ac	3.2048864079113724	1.9223894823113956	1.6656763206247802	1.7340108321826198
b4849657-e1bc-4992-9ace-f69c32b014ee	2.249469676232214	5.546283650474086	3.1983603803982175	3.0131817362224615
0c884015-1384-42a9-b74e-79e525d562da	4.0684415047728	2.0473747131239395	1.6188111694820195	2.180671829565286
c29d0f98-e33d-48df-a395-fa431cb1b1ba	3.42894374170676	1.9713184849161582	1.7648849263009203	2.3600464272625747
ae7d0fb2-9827-4769-9b64-da4d62ec694b	3.3717363364076642	2.0200907187499997	1.8245850101072936	1.6270641517714157
95b7f49a-ba2e-41a3-99aa-630c2520e5b9	3.863050370298307	3.3374662881646073	3.540393858999584	3.0235836074464033
5346db5a-6468-45c0-bf01-e0cd60b31365	2.9628606793546806	1.3224903790825697	2.4887884029443437	3.7327317329799237
3ba4be06-32ea-47aa-9f6f-2f4befd1bd6b	4.302881704864097	2.0814509236533034	1.715198124043477	0.9652547620219172
66d069a4-5e9d-466d-b2e4-0f99369c359b	2.585368492532655	3.079118912519042	3.79478156494652	2.3208979056848484
55e88914-7b3c-4eb8-91ac-9a249e47c9e9	3.499885071775266	2.608509543233435	2.156630662996156	1.6800736668689442
38a7c5bd-8d0f-45e1-86b9-12b81c8f9664	1.6973421797419341	4.930798180214219	4.403211831266342	4.021931152006344
aefa5671-fdd8-4d18-a301-89570f9b02ec	3.9754870935947726	3.1243856371008425	2.4423865844800883	2.3078138080627677
16618053-5ef2-48d4-aeca-2adac22b0835	3.1858685293663065	1.7212041954767072	1.5112296284193245	1.3071896031775314
ba46c317-226e-42a6-8836-8d8b6158933b	3.0497107404353927	1.3675863619329778	2.115106128012549	2.371590716172083
97e7e11e-63ef-4de3-9bf4-182d1071b463	2.9270704671045817	4.378853909270855	3.7547407216605646	3.1049133193245457
261d8a9c-19a7-4ad4-b338-c018d9b86772	1.9800238492628035	2.322689754781566	4.513193022553956	4.067767686453918
432d16d9-616e-43bb-ba3c-abaddb10573e	3.7489530097423995	1.9857067591040567	1.7180865424933929	1.6540998729223577
efb97bb0-e227-4826-aaa7-ef0503f2cf5f	1.8614729341986402	2.734969957765014	2.2403137080427395	2.358863643172305
5ecf522e-b9e0-4499-8e48-df0a6fc88e59	3.2640471399720936	2.159575603374393	3.311273846324073	4.400500314344071
88862227-9d1b-4849-b99d-4c26835e4a82	3.4694664086291547	1.9892049508216731	3.3084387296079654	2.920634894774788
3547d430-08cf-460b-8604-c88e96d70667	2.213013373605205	2.3151869435251204	2.3461691780215093	2.4416928566919367
e59d8133-5367-4356-ac8d-c7412ddbdce0	2.8450814440722048	3.2011238998089198	3.0977930268126777	3.3792552533855202
e9f5fd86-6744-43db-9b13-d9b5a57f9f4a	3.802239151207701	1.5367975983262105	3.3710849938954492	2.083878764019268
ee91dbfe-125f-48c3-95fc-58bc4f33f530	3.741412731426477	2.971565777592584	2.7513430717318896	3.659903905082111
0240ae8f-9354-4123-b791-5333317ae9f0	3.877455790379686	1.7450876090103518	2.723859762992728	3.672433578262278
adeb51ae-8d35-417a-92b2-940f803d8ede	3.2458463800973	2.020926616034729	3.8308108032003156	3.5595313633515695
a918f42d-99a5-4735-9542-7088d1a60743	3.674167955714602	1.9435367649441417	1.8403847834301492	1.330836865636184
ea475654-2b19-4630-96d2-c19dc4b41ff4	3.760019001217999	1.7507237087821872	2.863870408204186	1.5532224955382188
913fd0a8-e639-41b6-bbac-d752621a8ab9	1.9719102482643383	4.316526789546818	4.236417439348577	3.1977585921881735
91c2d903-e9f9-48de-b116-7b98c6940134	2.673388911677252	1.608879741399732	4.54405272247601	4.009085508755431
7cb7395b-d017-4af9-a456-0f4e4a14b672	3.8561382267782465	2.1497079695868506	3.7879143526981203	1.8990852659829234
6a88deba-d856-47ec-8fdd-0fa4fcec1c46	3.52082939203537	2.016506497701796	1.4978450843379054	1.58980306208711
aed471ec-47d4-4e8a-b5d7-182558c1a1d4	3.9602874741755283	2.6280940513561144	3.6154974094260575	3.913010692512662
04be771c-5256-4c74-ab24-83ba23db4b8b	2.7113368845971353	2.3512783202508607	2.7204713117246095	5.437808063398884
10a9933f-e28e-463b-ad62-68622cc1b539	1.4538387071482264	4.419769412162697	4.360063549244214	2.323131986534522
748f006b-11dc-4a2f-b857-705e19b511a0	3.495688824318493	2.7550396982108603	2.062879722097587	3.190512205054022
c0bc697a-ac64-4605-9abc-f0fe85eb481a	2.17497203537078	4.0714449490658415	3.436280314852668	3.161122511988836
35cfd54c-8c39-4f17-8bcb-3bff3ed2169a	3.479255850384799	1.9788259225232379	3.5655113892503367	2.6214511514888694
a8c61671-89cb-43bc-8c88-5c107954d11c	3.7009231021066986	1.5610714212429209	3.3247785307342093	3.648867882692168
e6436e88-ce68-4600-b4fe-b2deb94798ff	3.846382944796973	1.4241525030022169	1.9827811493706673	1.3644073910940686
bab2f26d-e9ef-4faa-b834-b3025764ab2d	1.8310378977362687	5.052271378795324	4.0098946778162725	4.073677123388511
6ca2f84e-afd4-4017-9e8c-2a1d82b65b79	3.7098338747596435	1.1011533920791745	1.2364157865373655	1.5073164475144174
fd5c6054-a277-425a-9f78-bb1135fde6d3	3.808355382707094	1.864822367812633	1.3173134890244296	1.2900896012347767
db2d5d9c-248d-49ab-9058-0b7d2d5a6884	3.5049525627240925	1.412861842690222	3.2476208835441596	4.4274609993855485
8282ed85-8ba2-4a43-93cc-69bb7be57353	2.945177339999685	4.241290934536482	2.2490151156013436	1.581854867493365
0b2988c8-f381-40f2-903b-3a0a8ccde0bc	3.6652094834959827	2.3341739831944763	3.3733232196856004	4.037273683738432
29efdff8-0a21-4955-bdd6-598c91fd2840	2.920193462454995	1.9974739062834634	1.7365018626735567	2.1469886915889647
447a666f-00f3-48d3-b839-222a5e18f79e	3.1377977206390453	3.3877332432574625	3.5894747141824332	3.6891192059656803
2d300d54-7067-450d-b4c9-ad8c3642ba0a	2.0296267406081445	3.733382190871393	4.759767796237023	4.406106851997767
25a410f8-b6f6-4883-8551-4e2515606cd6	3.9293120797644923	2.0107981431958586	2.231249721759427	1.3097023050047487
1b70e7f7-f918-415f-bfee-039e445e2208	3.6344479995575534	2.664981653711547	3.011886872810426	3.1312104219506796
934e6b81-7ea8-4575-ba51-44993cfda7c3	3.3537857168374354	2.0555179076841275	3.5247392627021368	3.650474202588432
8dbbe608-37d6-499d-8df2-424ddef9d56a	3.4223124920289894	2.6252459163601265	1.458637247513663	1.4042129631995035
31721dee-f673-4ae8-9bd0-a5d2f45ae915	3.504573177929748	1.7354492407607436	3.5349669533266317	2.2890264712773374
82a8941a-7095-45d3-a2bf-e833b0521eb6	3.477961954042091	1.8692270305400855	2.3309481571185398	3.0176007961301017
1c69388f-5363-4762-ad0e-ecc431de99d2	1.6261101927781163	4.288434442517087	3.928689390056498	2.858002380209607
456db4ed-e648-416c-b327-e7106e4b8221	3.8002651675799943	2.557764101371234	2.296727788226293	1.8443618461278608
78129339-7b80-4dd6-bd93-2df9eed2bfce	1.8668315228209011	4.936290573203851	3.7534623990115845	4.052317066129238
c6514474-b8ae-44e9-96bc-a8b065dd29be	3.340465818227355	3.3922226655767798	3.450782820548816	2.8183857328215067
5839225c-030d-4435-83ba-5f8db75b9158	3.655628406139288	1.3821214817222767	1.7118319969965436	1.7838764838068388
5aeaa0ca-e8f3-494d-a6a2-e4f3d58074ba	3.8980928295454307	2.683481889812255	1.6422842540171785	1.4020443074277538
1b490f2b-97bb-4229-853d-d566ecc341d6	2.885580893507972	3.3246117621465268	3.3121365081029364	3.787622675085249
c1bc2c7c-09e9-4977-8222-93d5ee3e6967	2.461335834457757	3.422550849420334	3.2621115753641674	2.3731501047819257
2279f129-d06d-43f7-9f16-6e8d3a4feb56	3.4939603628260127	1.672706195093429	1.4749292838945396	1.3912440847494858
c4a84877-1830-4d5c-914b-e70b28c94809	2.1386166773681268	3.3946878861443097	3.695133540974929	3.6666622394892623
77fd28e9-00a8-42fe-b10e-42826bbcf0ae	4.118125873437744	2.185820011233358	2.135048978668963	1.2949484904715332
225e500f-d447-4561-b878-d8fda3f0fa6a	2.284782368437563	3.577976060102283	2.077268449865115	2.7697998653588334
bf5f0863-853a-4c34-bc0d-bfdef8c14739	1.8676458004938772	4.155448979310402	3.719907181561781	3.589789688835974
43cb9ea5-98f6-4e90-be7c-41929ebbffd1	2.197688753588925	2.8136731581930365	3.104728298758239	3.106436520228472
58508378-0fc5-45f9-bf10-1cb171c3e662	3.1601154919261405	1.9856571203147053	1.7586880769324866	1.9641075401344146
fcb16c0f-d69d-4656-9963-8721f2f5066b	3.6919795944485694	2.782983859959263	1.2914373097771907	1.1378591923976056
645e996a-b069-478d-b1ca-7764d5134581	3.3121415869214506	2.2769872764352055	3.181912359292163	4.684912415289228
3c68c701-fac4-428c-b6a9-c17a56f56e33	4.0394956203469015	1.960031167086635	2.254706341173648	2.234291206001566
a4af6581-9fa8-4520-a639-f9340c6a1e36	2.2245430428633393	5.181943439030574	3.3150693027876343	3.02452272808584
1f8056d2-b99e-4a81-bb13-999bda6719d6	3.124602019726594	3.047900984102373	2.1787632572855835	2.6566764869809267
10fd912f-aa39-41a9-a412-45c280ee6825	1.091295714763605	1.7277797983905914	4.950374505609886	3.9319931229410052
6b746dee-fb0c-46e8-a27b-2d6816c63490	0.9677574713017006	1.571184037899991	4.347045711440938	3.7117961030347946
627e89e2-8297-482b-9e59-2382e0e66da5	2.941744637647663	1.1632471191501004	3.6428188760666718	2.9236531401338044
d0856e8b-4552-4127-b410-4e3ef58d057c	3.6624299960593	2.2910886355111204	1.0620099391041367	1.8371669623286688
17c85380-56c8-42d6-8beb-ea4379155172	3.804125267800137	2.040006897615799	2.058307155456253	1.3556884294175697
19bc1add-e899-47fe-a536-8fcfdc110f19	3.7379525565185427	1.2290366557399985	2.17560304728835	2.099482747327498
956c801e-1ac3-4b8e-b26b-0074e5087b5e	2.939159314744622	2.1281796198416876	2.561081970711656	1.7079578794525214
0faf322c-e776-45ea-9b14-ce8129173697	3.7382060893626625	2.2149302570654807	4.2405385061880265	2.7342421541736837
43e7705a-76b5-4715-8110-051aade5599f	2.2188274648608832	4.140996453279479	3.1287497172638083	3.6753373556963336
df4dc655-5b3c-4443-afa6-48f4dcab9d0b	3.958070733526804	2.498545800520356	1.8508569983002867	2.255079645084259
314c8761-290b-4cca-913f-8b7b3e39fe0c	3.4308819969557782	1.3583766831087027	2.8608274199981496	2.2089808069340173
e380cfd8-3677-4517-9117-08b4f3bd505d	1.6046405029035526	2.205120664338519	4.635289273449598	4.346828728159084
cf56d43d-5384-4eb9-b4e0-d6c4bef5eb0a	3.643576071767389	4.192100422011186	2.732418894696905	2.7315192590393287
905a53ea-fdac-4a68-a59c-6e879bf6bef0	3.8554911451876914	1.6237238887459202	2.432405993920747	2.5022598038554085
38ea8bf7-78be-4ab2-afc2-74d38be9a01b	3.740820638045587	2.373543557623977	2.806854140236266	2.8863099650592656
3c1cb2bb-6249-45d1-94f9-ac25b428219c	2.0112409314073907	3.5598298697741133	4.119815187787726	3.0856968234834325
6f920efc-b660-43cc-b969-8d445c252004	2.211255238606758	4.302528064443255	4.449903915137349	1.9146232667290113
2e4d5e4c-9112-42db-af91-ef424862b568	3.5468805297006725	2.3003340514575856	2.7903752522702185	2.9477769204489483
e23bcf27-4748-42c9-8088-ddf12055b43a	1.4850377600430897	1.3761589574080382	1.942192685906186	2.6815972117551468
b718ae00-45a5-4c73-8090-c9e4dc733b29	3.8907443440450713	2.8020141017376967	2.048673163610139	1.8159162784531706
0180b8ef-dbca-4edd-bce1-3f793f354f13	1.716281030500355	2.11136282184651	3.3893527614181345	2.009200881203235
4cedcaf0-2806-4f70-98bd-a3a9053e79a4	3.6530234377513255	1.6485980441132257	2.7928978003737552	1.7364444239962784
add7c773-bee8-4932-ac9d-b68da21a075a	4.128601878430155	1.92813956720954	2.7552154812033116	2.0759249479843
64875e7b-c609-4f64-b2ab-283bdbbf0543	1.9419936744334583	3.706269721796318	2.7719911023721036	3.928839940408565
b6a87adc-699d-41a4-b774-6b6062de6077	2.0014986190461808	4.513772816226618	3.8207944164624665	2.8106899359999686
9a3f6a97-e978-4132-85d0-5b86e4f289b5	2.6391853438358477	3.5911078904011764	4.323785836673629	3.0603677692245195
4e8b592f-d4ac-488c-94e4-a07387ec9724	3.5714257447156266	4.627523832296072	3.6964484845968375	2.346279919431853
047dc5b6-c15e-4dad-b753-de55ca6e171c	1.8160579569890527	4.771987226870214	2.5638123299441755	2.2846399356026352
74e5163f-20ef-4858-8cfd-b28a00b933d1	3.333844958867635	2.4591435463919415	3.408837787985937	3.6644895166463596
d30946e4-eb06-43d5-838f-7b49aff86b06	1.619650258681818	3.6840938932817777	4.525376975859366	4.0521727646506225
7a8ce605-eb1c-4281-ac60-6a20a3e31eea	4.024283485828175	1.6004138957283864	2.6819922203926088	1.40860629940189
9c91197a-5784-4e76-a94a-ed53ad3f02fc	3.9513957624763982	2.0626926260752594	2.3047594753473852	3.2673501932582436
fc636994-9829-4662-a3d2-d38d17abb8df	1.153309361914018	1.674088104094939	4.079367431058513	4.997130015681169
c467bc76-6812-40eb-84b4-51bd07fda0db	1.4192071130622257	4.0883972939470885	4.403011452067756	2.5077839016934877
4f21ab62-06c5-4b62-b709-2134ef0247d5	3.655228802181962	3.3313618624582073	3.9830819749250486	4.393267760384892
b503684b-9de0-48c7-bceb-cfc45dc7d86e	1.494824010067803	3.1336726862158075	5.148934404313677	3.9155147223562135
bb263179-e0fc-4982-99b5-fe36cbbc5d97	1.9967222242810378	5.47124008336815	3.2659328074132925	1.9021686440743857
ba18b2a0-482c-4d51-8c88-3966d1b6b659	2.9625573178313567	1.5661522510401968	2.915951213861775	3.9243940775156525
a9bc7aa9-93b4-463a-b465-cb67ba106cf3	3.444293339610494	2.4890683997549217	2.639114763113545	1.8607115345800882
097c2575-7a0d-4d3e-ad4e-00926dcfe44a	2.4556968364499263	2.448760051533069	5.194667738175528	4.0233611558346905
1cd41b2d-6f24-4478-851a-5e20e456173d	3.0843092884476375	1.5379913341698284	1.2496435042891287	1.3061308694993734
6f274dde-6b58-4ef3-8407-450bb3258a78	1.6552503927911737	4.599387361551305	3.776457019213292	3.340937135520454
a836a46a-1d54-476b-be66-8fb9e13059f5	3.800830869445239	2.5426949267647205	2.285746877983546	1.7701585324349571
05e5accb-e761-4534-a81e-bf0354f7810c	2.1648469058799247	3.231398999816574	4.2717120910725646	4.361622204005417
e5f4c2b3-d0b3-4c15-8dd8-a511cdeb3aee	1.3670029150443346	3.2626143090886592	4.805252355066939	3.3586853382149706
545e71df-0c44-4d78-ab21-c7a570528c4f	1.9643921100000772	3.0745291334418536	4.112495047037381	3.3647981232850297
498e5e18-7443-4799-af81-6d829f819da6	3.558215084811823	2.5669335515591745	2.8965974670030086	4.012300758428993
ab504dbf-e1f0-46d2-83f9-0f4066055c71	3.8354130836092435	1.357079103500176	1.597942596275797	1.7390087699468002
860b5719-8396-47cb-b70a-016f121240fe	4.071508699567872	2.338990763310136	2.0300743477266665	1.5618881832748315
0787f4dc-16a6-4f22-9c32-ce6e0bf7b38b	1.9614201695185087	1.5675668329324315	1.5623404778362624	2.0741701091868583
b6d78cef-254d-4d31-9749-e2fa1ad9abec	2.0798507284226417	1.8473933897833794	4.689644789464864	3.8857947507827353
9b55a95a-4c3c-4864-9872-0557ddde6515	3.754223903566537	1.6997428850535057	2.0878974295380033	2.1776196237164744
65b5577d-5de3-45b2-8e3a-39a0b4ae01f1	3.5728298439360557	2.896267725684026	3.166038550508082	3.353838747289328
a0b6f91d-1921-4ec6-825f-c8a1cbc8649e	3.3491328962468265	1.9041545919515679	1.919457190408791	2.9696609657874355
085c6f32-93b3-4047-b165-bc486c3959db	4.019309015792767	2.4238675724371124	2.7047745910045804	1.6582357162034183
292d4147-6b4e-46d5-b678-03f33b55e1b2	2.9605943987361014	4.517145419597335	3.508327629197689	3.1067094430734103
e2740bdf-ff53-485c-8c3d-7b0fc34688c2	2.3244540329108068	4.58311532361889	2.9628796014266765	3.195814026563672
7c01fcae-dec1-4d7a-892e-b5d76ad81e17	2.2023090223796613	4.54951055589385	3.552933398515089	3.3205497354989264
b45de871-d65f-4f5e-bd80-aecd17b50296	2.4984793897590856	1.999186876939354	3.629657811492339	5.0130382367582955
ca1840c9-5470-4e53-8841-37da75196bff	4.001936807879444	1.6868247209434892	1.4240810391175176	1.4903572330079524
42c7c9bf-d71a-42f1-8dca-aca2da1950b3	1.8383646188289307	4.426002867488274	4.207678809413587	3.668679281625041
06ea34ab-c935-429d-a2e8-f264a103138c	2.995508644558692	1.4848269720541556	1.4295362298764518	1.537690924243871
f7728bbc-7ef6-45a9-b1b9-f7f57f2ed2ce	4.088519130815877	2.0135224599581734	2.2701590611684477	1.235660265642967
b90c65f0-a8e2-4e44-96a6-fcaa6d71ebed	3.5159998995185764	1.9007191633010003	2.7301822334883115	3.3608660478010832
20a68a0c-d0c3-4bf1-a1e1-0f0f2f1906b7	2.237285981441853	4.59197666252351	3.644190161320044	2.968623109663283
06fa3d61-9460-4edf-8711-370536d645bc	3.776404819801032	2.9341412657190116	2.768153410539951	2.282567812683814
eebbde83-748b-4ca1-99f6-a3243d73d338	2.051532851801016	3.110985233774296	4.822433432966158	4.24801939241572
905e8f71-2689-4ce1-98e2-4cce62d2b095	3.7841284584799526	1.7919192985410035	3.0716116677093357	2.9017198062505734
bf6cd84a-ef98-4bed-a16b-5a81d2834cac	3.9279709972094796	2.405571160874824	3.4943422650319973	3.70764939912216
152372fc-eebb-4fb5-b388-acdfec0f5e4d	3.7200006445394944	1.8208964154102258	1.8144409597857927	1.852384766925022
f8e47b7d-575a-432e-bba0-ced2903b9876	3.4227743637717625	1.7912882293340013	3.76742639903338	4.657079525041706
a0e8a424-6341-4703-a76b-f414f951639e	3.202181904646122	2.880617461660459	3.2770104913977547	4.089503654985144
7de76992-4942-4011-afdf-7225842a9294	3.4593343629464006	2.2571626698599636	3.5297579410296547	2.1572329812978817
d0d8533b-7284-49cb-96ff-f0145017084d	3.4815561106972517	1.3032944602214624	1.1611284187156858	1.066616847089588
c0694ad0-b4f2-43c4-aef4-aa60c2f5baea	3.5564274768668307	1.9449601244046362	4.089331447576827	2.9164917196461055
e1ff1fc1-7938-4d9b-89bf-5b7ca2d8b016	3.4231640413386177	1.6865862452531555	3.3432544132439195	3.437367706478276
8d382ecb-aa96-4b5d-820c-25ca61a545c4	3.573858763564706	2.5148213924731326	3.646696787678813	2.9953463346760563
cc4ae8fa-575a-4151-bdfd-2a21f4b9c23d	3.2652742977186264	1.7490907653309764	3.6236225427509194	2.697267135971423
88e89f3e-3539-4d5d-b2e4-d22c8bd364d8	3.63391530882066	2.414492951248648	2.2494979880078354	4.017047320169124
3e65a4ef-4253-4224-b9f0-af7ce585ffed	3.4752916966215404	2.0660492742586802	3.9201164833981665	4.0421668700033955
5aa5487c-3782-4a9f-9b55-72f9d7d94684	4.040174755006639	2.0470699688296867	1.6190470744246457	2.0408033572114257
2209d173-1628-4001-9278-7f495f4065aa	3.6373398000832173	2.2862993976880217	2.481043010480829	2.1273215332500377
7523828a-8a62-4d05-bb1d-8015e7622736	3.2492855476422724	1.828484693383085	3.321661329585189	2.7402611877020084
6a06c38c-e1a8-4fcd-a42c-0cec39d75e93	3.6360001068101777	2.8730611579775487	3.187845353498367	3.9824989666834405
7a542299-ad43-4ea6-91a8-2597139e3250	3.4726869891372782	2.387272654904944	3.885777072176514	3.9120617439346597
532690cb-760c-480d-902c-2aaf768d28c5	3.7757791624442696	2.7607376581543512	3.118631868494499	4.73230251341575
ed0715a2-f284-4224-9db5-fa6bdb70a4ef	2.595779130773045	3.102638575998944	2.1943416145868953	2.828195079492416
0aacd6c6-c2cb-4304-8d2d-ff63e15629c2	3.9320406923689912	1.9606749123578127	3.8572574404438997	3.7079203062796013
52ecadbc-442a-45c4-8f50-46ddbf019f25	4.058164815899273	2.167706823706265	1.4509252006553985	1.9449652939559339
51526f32-bbcd-438b-af02-1ee4572d3504	2.8202519513825695	4.067636604106418	3.0821702428477042	3.3077498033015953
46d529e1-d5d8-4c11-8383-c0fbf61e07f7	1.6841089751989493	5.550384329285492	3.107695720204512	2.281932011476399
74c60b29-cbf2-4398-aae0-372561a98682	2.4161735925265972	3.5524974078403724	4.170686564999851	3.4292639507790845
93c4cd53-899b-421f-9bf4-360f8010aab4	4.406426968195971	2.3927740423541453	1.1127368330830658	1.224983139715674
a236c850-5a1a-43af-aaf6-fe0c8246a5c0	3.405553774484327	2.355840242880393	4.031998248373277	3.588689946578357
31a6d364-7e0c-4b23-8fa3-2d58d46dc8c5	3.6730840395095203	1.955899111307987	2.568982984886066	2.8426526593884778
c8e705f2-4c12-4f61-8b9e-985516589a2c	3.570400552325112	1.6321647115194557	2.859295990585045	3.669614708747788
51175a4e-4f07-4670-9e14-4faf0c1d0ba5	3.092625715202734	2.5533486273905805	3.5109066867013556	3.1781409508929332
ff3910aa-45a9-42b9-a988-f35a7bb401fa	1.565691239571372	3.29070319062904	4.6060901178714	3.9553560513834847
0be0d83b-9baa-4898-967c-81c466e8fb78	3.46173618525071	2.537657909619834	3.9994831947567544	3.230909132306919
8587b809-2355-461b-9d55-4c7952c128a2	3.5557327151976477	1.980695744530007	1.7492695518986765	1.1154761924202181
88281ea7-a99b-4164-a8f7-ec4395bdc816	2.586878685098297	4.415587306208257	4.382104114928393	3.6978644827684413
4b71a25a-f25b-4804-8b46-4e90bbbd839b	3.7884539351981923	2.0746583599116666	2.188665760709909	1.78011743264407
b9c44531-dfff-4774-b906-47986e819f33	3.948830810483169	1.8215684505382397	1.4423377200410232	1.3195658167987734
56bf7d6b-f075-4548-9d5d-452358d1018d	2.3004228458378777	2.444395356446131	2.9566921612669264	2.407305545283301
3a7de853-78e4-437b-893b-cc2b7879ede8	1.8833997483519156	4.24380068377786	4.604619538134855	3.9033717396119725
