source	signature	M	K	n	k	p	overlap_genes	fdr	module
xCell	Neurons_FANTOM_3	1200	238	19	9	0.005887568201038085	FSTL4|GABBR2|INA|PDE9A|PTPRR|PVALB|SNCG|SORL1|SUSD4	0.2642508793072078	0
xCell	Epithelial cells_ENCODE_1	1200	238	8	5	0.00978706960397066	B3GNT3|CBLC|PRSS8|RAB25|TACSTD2	0.2642508793072078	0
xCell	Neurons_FANTOM_2	1200	238	19	8	0.021274935379524212	FSTL4|GABBR2|INA|PDE9A|PTPRR|PVALB|SNCG|SUSD4	0.3655649275556114	0
xCell	Neurons_FANTOM_1	1200	238	13	6	0.02816506317209433	FSTL4|INA|PTPRR|PVALB|SNCG|SUSD4	0.3655649275556114	0
xCell	Epithelial cells_HPCA_3	1200	238	11	5	0.04801225884854228	B3GNT3|CBLC|PRSS8|RAB25|TACSTD2	0.3655649275556114	0
xCell	Hepatocytes_HPCA_2	1200	238	22	8	0.05211980014887619	BHMT|CYP2J2|CYP4F12|HMGCS2|HSD17B2|SPINK1|SULT2A1|TMPRSS2	0.3655649275556114	0
xCell	Epithelial cells_ENCODE_3	1200	238	22	8	0.05211980014887619	B3GNT3|C1orf116|EVPL|PRSS8|RAB25|TACSTD2|TMEM40|TMPRSS4	0.3655649275556114	0
xCell	Epithelial cells_HPCA_1	1200	238	8	4	0.05415776704527576	CBLC|PRSS8|RAB25|TACSTD2	0.3655649275556114	0
xCell	Epithelial cells_ENCODE_2	1200	238	9	4	0.08268604097062499	B3GNT3|PRSS8|RAB25|TMEM40	0.49611624582374986	0
xCell	Endothelial cells_FANTOM_3	1200	238	6	3	0.09633015941578063	KRT19|MMRN2|TACSTD2	0.5201828608452155	0
xCell	Epithelial cells_HPCA_2	1200	238	7	3	0.14459846523414874	CBLC|PRSS8|RAB25	0.6037699161661109	0
xCell	Epithelial cells_FANTOM_2	1200	238	23	7	0.15262450172231232	C1orf116|CLDN4|EVPL|KRT7|PRSS8|RAB25|TACSTD2	0.6037699161661109	0
xCell	pro B-cells_HPCA_2	1200	238	11	4	0.15653294122825095	CLCA4|CRH|FSTL4|KRT19	0.6037699161661109	0
xCell	Basophils_FANTOM_2	1200	238	11	4	0.15653294122825095	CLCA4|CYP4F8|FSTL4|KRT19	0.6037699161661109	0
xCell	Hepatocytes_HPCA_3	1200	238	25	7	0.21152916269310829	BHMT|CEACAM1|CYP2J2|CYP4F12|ELF3|HMGCS2|SPINK1	0.7615049856951899	0
xCell	Erythrocytes_NOVERSHTERN_3	1200	238	5	2	0.2591334281929882	EPCAM|PNMT	0.8745753201513351	0
xCell	Hepatocytes_HPCA_1	1200	238	28	7	0.3120944038276364	BHMT|CEACAM1|CYP2J2|CYP4F12|ELF3|HMGCS2|SPINK1	0.9913586945113158	0
xCell	Epithelial cells_FANTOM_1	1200	238	11	3	0.37703773202106317	CLDN4|KRT7|RAB25	0.999995020032179	0
xCell	Epithelial cells_FANTOM_3	1200	238	16	4	0.39515136125709266	CLDN4|EHF|ELF3|KRT7	0.999995020032179	0
xCell	Mesangial cells_ENCODE_3	1200	238	8	2	0.49225864064493485	HNF1B|WNT7B	0.999995020032179	0
xCell	Neurons_ENCODE_3	1200	238	11	2	0.6741585941910392	PKIA|POU3F1	0.999995020032179	0
xCell	Sebocytes_FANTOM_3	1200	238	28	5	0.6800150841213402	C1orf116|ENTPD3|PTK6|RAB25|TMEM40	0.999995020032179	0
xCell	Neurons_ENCODE_2	1200	238	18	3	0.7248870470292278	ID1|PKIA|POU3F1	0.999995020032179	0
xCell	Endothelial cells_BLUEPRINT_3	1200	238	6	1	0.7353845093880853	MMRN2	0.999995020032179	0
xCell	Keratinocytes_HPCA_2	1200	238	36	6	0.7497163509858212	B3GNT3|C1orf116|PRSS8|PTK6|RAB25|TMEM40	0.999995020032179	0
xCell	Fibroblasts_ENCODE_3	1200	238	7	1	0.788130310699338	KRT19	0.999995020032179	0
xCell	Memory B-cells_BLUEPRINT_1	1200	238	7	1	0.788130310699338	CHP2	0.999995020032179	0
xCell	MPP_FANTOM_1	1200	238	8	1	0.8303976921356813	ABO	0.999995020032179	0
xCell	Monocytes_HPCA_3	1200	238	8	1	0.8303976921356813	UPK3A	0.999995020032179	0
xCell	Hepatocytes_FANTOM_1	1200	238	34	5	0.8361122135592919	ANXA10|BHMT|PPP1R3C|SPINK1|SULT2A1	0.999995020032179	0
xCell	Keratinocytes_HPCA_3	1200	238	35	5	0.8548939228143941	B3GNT3|C1orf116|PTK6|RAB25|TMEM40	0.999995020032179	0
xCell	Keratinocytes_ENCODE_3	1200	238	9	1	0.8642612401824161	TMEM40	0.999995020032179	0
xCell	Monocytes_FANTOM_1	1200	238	9	1	0.8642612401824161	UPK3A	0.999995020032179	0
xCell	Fibroblasts_ENCODE_1	1200	238	9	1	0.8642612401824161	KRT19	0.999995020032179	0
xCell	MPP_FANTOM_2	1200	238	9	1	0.8642612401824161	ABO	0.999995020032179	0
xCell	DC_FANTOM_3	1200	238	9	1	0.8642612401824161	TACSTD2	0.999995020032179	0
xCell	Hepatocytes_FANTOM_3	1200	238	30	4	0.8759582658859479	ANXA10|BHMT|SPINK1|SULT2A1	0.999995020032179	0
xCell	Keratinocytes_ENCODE_2	1200	238	17	2	0.8803329803891827	RAB25|TMEM40	0.999995020032179	0
xCell	Keratinocytes_FANTOM_1	1200	238	62	9	0.8965533877289131	C1orf116|CBLC|EPN3|FGFR3|PLCH2|PRSS8|RAB25|SORL1|TMEM40	0.999995020032179	0
xCell	Keratinocytes_FANTOM_2	1200	238	44	6	0.8978030846849068	C1orf116|CBLC|EPN3|PLCH2|PRSS8|RAB25	0.999995020032179	0
xCell	Sebocytes_FANTOM_1	1200	238	25	3	0.9007521077010728	C1orf116|RAB25|TMEM40	0.999995020032179	0
xCell	Keratinocytes_FANTOM_3	1200	238	46	6	0.9202233210771082	C1orf116|CBLC|EPN3|PLCH2|PRSS8|RAB25	0.999995020032179	0
xCell	Mesangial cells_FANTOM_1	1200	238	40	5	0.9239289524684613	CLDN4|ELF3|HNF1B|PPARG|WNT7B	0.999995020032179	0
xCell	Mesangial cells_FANTOM_3	1200	238	53	7	0.9272491168263159	CLDN4|ELF3|GPRC5C|HNF1B|HPGD|KRT19|PPARG	0.999995020032179	0
xCell	Hepatocytes_FANTOM_2	1200	238	34	4	0.9296997049757418	ANXA10|BHMT|SPINK1|SULT2A1	0.999995020032179	0
xCell	Smooth muscle_FANTOM_1	1200	238	12	1	0.9305017825793503	KRT19	0.999995020032179	0
xCell	Sebocytes_FANTOM_2	1200	238	22	2	0.9516844304996571	RAB25|TMEM40	0.999995020032179	0
xCell	Keratinocytes_HPCA_1	1200	238	14	1	0.9555679528253705	PTK6	0.999995020032179	0
xCell	Keratinocytes_ENCODE_1	1200	238	23	2	0.959924145589729	RAB25|TMEM40	0.999995020032179	0
xCell	Melanocytes_FANTOM_2	1200	238	28	2	0.984606611057165	CEACAM1|TCN1	0.999995020032179	0
xCell	Melanocytes_FANTOM_3	1200	238	37	3	0.9867770662947748	CEACAM1|TBX2|TCN1	0.999995020032179	0
xCell	Astrocytes_FANTOM_2	1200	238	54	3	0.999456642689332	IGFBP3|PPP1R3C|SLC14A1	0.999995020032179	0
xCell	Astrocytes_FANTOM_3	1200	238	67	3	0.9999600546350838	IGFBP3|PPP1R3C|SLC14A1	0.999995020032179	0
xCell	Astrocytes_FANTOM_1	1200	238	77	3	0.999995020032179	IGFBP3|PPP1R3C|SLC14A1	0.999995020032179	0
BostonGene	CAF	1200	238	13	1	0.9444248261366859	FBLN1	0.9444248261366859	0
xCell	Keratinocytes_FANTOM_1	1200	124	62	35	8.678692746672491e-21	CDH3|CLCA2|COL17A1|DSC3|DSG3|F3|FAT2|FGFBP1|GJB3|GJB5|HES2|ITGA6|ITGB4|KLK5|KRT14|KRT16|KRT17|KRT5|KRT6A|KRT6B|LAMA3|LAMB3|LAMC2|PKP1|PTHLH|S100A14|S100A2|S100A8|S100A9|SERPINB2|SERPINB5|SFN|SOX15|SPRR1B|TNS4	3.992198663469346e-19	1
xCell	Keratinocytes_FANTOM_3	1200	124	46	28	8.02016095845536e-18	CLCA2|COL17A1|DSC3|DSG3|FAT2|FGFBP1|GJB3|GJB5|ITGB4|KLK5|KRT14|KRT16|KRT17|KRT5|KRT6A|KRT6B|LAMA3|LAMB3|LAMC2|PKP1|S100A14|S100A2|S100A8|S100A9|SERPINB5|SFN|SOX15|TNS4	1.844637020444733e-16	1
xCell	Keratinocytes_FANTOM_2	1200	124	44	27	2.5362262618132636e-17	CLCA2|COL17A1|DSC3|DSG3|FAT2|FGFBP1|GJB3|GJB5|ITGB4|KLK5|KRT14|KRT16|KRT17|KRT5|KRT6A|KRT6B|LAMA3|LAMB3|PKP1|S100A14|S100A2|S100A8|S100A9|SERPINB5|SFN|SOX15|TNS4	3.888880268113671e-16	1
xCell	Keratinocytes_HPCA_3	1200	124	35	20	3.877824266593716e-12	CLCA2|DSC3|DSG3|F3|FGFBP1|GJB3|GJB5|HES2|KRT14|KRT5|KRT6B|KRT6C|LY6D|PI3|PKP1|S100A14|SERPINB5|SFN|SOX15|SULT2B1	4.4594979065827734e-11	1
xCell	Keratinocytes_HPCA_2	1200	124	36	20	7.986276539448822e-12	CLCA2|DSC3|DSG3|F3|FGFBP1|GJB3|GJB5|HES2|KRT14|KRT5|KRT6B|KRT6C|LY6D|PI3|PKP1|S100A14|SERPINB5|SFN|SOX15|SULT2B1	7.347374416292917e-11	1
xCell	Keratinocytes_ENCODE_1	1200	124	23	15	1.759780056541954e-10	DSG3|F3|FGFBP1|GJB5|HES2|KRT5|KRT6B|KRT6C|LY6D|PI3|S100A14|SERPINB5|SFN|SOX15|SULT2B1	1.3491647100154983e-09	1
xCell	Sebocytes_FANTOM_2	1200	124	22	14	1.2340139903045494e-09	DSG3|FGFBP1|GJB5|HES2|KRT6B|KRT6C|KRT75|PDZK1IP1|PI3|PKP1|S100A14|SFN|SOX15|SULT2B1	8.109234793429897e-09	1
xCell	Sebocytes_FANTOM_3	1200	124	28	15	8.544765775143394e-09	DSG3|FGFBP1|GJB3|GJB5|HES2|KRT6B|KRT6C|KRT75|PDZK1IP1|PI3|PKP1|S100A14|SFN|SOX15|SULT2B1	4.9132403207074514e-08	1
xCell	Sebocytes_FANTOM_1	1200	124	25	14	1.3098368444442935e-08	DSG3|FGFBP1|GJB5|HES2|KRT6B|KRT6C|KRT75|PDZK1IP1|PI3|PKP1|S100A14|SFN|SOX15|SULT2B1	6.694721649381944e-08	1
xCell	Keratinocytes_ENCODE_2	1200	124	17	10	1.0206096017267852e-06	DSG3|FGFBP1|GJB5|HES2|KRT6B|KRT6C|PI3|S100A14|SFN|SOX15	4.694804167943212e-06	1
xCell	Keratinocytes_HPCA_1	1200	124	14	9	1.3070673589897905e-06	CLCA2|DSG3|FGFBP1|KRT14|KRT5|KRT6C|LY6D|SERPINB5|SULT2B1	5.465918046684579e-06	1
xCell	Epithelial cells_ENCODE_3	1200	124	22	11	2.4612272770034834e-06	DSG3|F3|FGFBP1|GJB3|GJB5|HES2|PI3|RHOD|S100A14|SFN|SOX15	9.434704561846687e-06	1
xCell	Keratinocytes_ENCODE_3	1200	124	9	7	3.242131763775945e-06	DSG3|FGFBP1|GJB5|KRT6B|S100A14|SFN|SOX15	1.147215854874565e-05	1
xCell	Epithelial cells_FANTOM_2	1200	124	23	10	3.4771245339429385e-05	DSC2|EGFR|HMGA2|ITGB4|KRT17|LAMA3|LAMB3|S100A2|SFN|THBD	0.00011424837754383942	1
xCell	Epithelial cells_FANTOM_3	1200	124	16	8	6.603345156238114e-05	DSC2|ITGB4|KRT6A|LAMA3|LAMB3|S100A14|SFN|SLPI	0.00020250258479130215	1
xCell	Epithelial cells_FANTOM_1	1200	124	11	6	0.0003239571778379037	DSC2|ITGB4|LAMA3|LAMB3|SFN|THBD	0.0009313768862839731	1
xCell	Epithelial cells_ENCODE_2	1200	124	9	5	0.000976561626758668	HES2|RHOD|S100A14|SFN|SOX15	0.0026424608724058074	1
xCell	Epithelial cells_HPCA_2	1200	124	7	4	0.0029738014679410165	F3|S100A14|SFN|SLPI	0.007301774966487296	1
xCell	Epithelial cells_HPCA_3	1200	124	11	5	0.0030159505296360567	F3|HES2|S100A14|SFN|SLPI	0.007301774966487296	1
xCell	Epithelial cells_HPCA_1	1200	124	8	4	0.005474547151438244	F3|S100A14|SFN|SLPI	0.01259145844830796	1
xCell	Memory B-cells_BLUEPRINT_1	1200	124	7	3	0.027629913868041766	DSP|KRT75|PGLYRP4	0.0605226684728534	1
xCell	Epithelial cells_ENCODE_1	1200	124	8	3	0.04092313389800387	HES2|S100A14|SFN	0.08556655269582628	1
xCell	Mast cells_FANTOM_3	1200	124	5	2	0.08600773503080958	ANXA1|KRT1	0.15825423245668963	1
xCell	Mast cells_FANTOM_1	1200	124	5	2	0.08600773503080958	ANXA1|KRT1	0.15825423245668963	1
xCell	Mast cells_FANTOM_2	1200	124	5	2	0.08600773503080958	ANXA1|KRT1	0.15825423245668963	1
xCell	Mesangial cells_ENCODE_3	1200	124	8	2	0.1965191847405113	CPA4|ITGA3	0.34768778838705844	1
xCell	Monocytes_NOVERSHTERN_1	1200	124	11	2	0.31690329192370437	ANXA1|S100A12	0.5399093121663111	1
xCell	Monocytes_FANTOM_3	1200	124	13	2	0.39539665567279497	ANXA1|S100A12	0.6495802200338775	1
xCell	Preadipocytes_ENCODE_3	1200	124	5	1	0.4209221583646737	ANXA1	0.664143134547016	1
xCell	Monocytes_FANTOM_2	1200	124	14	2	0.4331368268784887	ANXA1|S100A12	0.664143134547016	1
xCell	Smooth muscle_HPCA_3	1200	124	6	1	0.4810105703837368	ANXA1	0.7137576205694159	1
xCell	CD8+ Tcm_HPCA_3	1200	124	7	1	0.5349089701093791	KRT1	0.7456306856070133	1
xCell	Basophils_NOVERSHTERN_1	1200	124	7	1	0.5349089701093791	S100A12	0.7456306856070133	1
xCell	Monocytes_HPCA_3	1200	124	8	1	0.5832503680192173	S100A12	0.7891034390848234	1
xCell	Monocytes_FANTOM_1	1200	124	9	1	0.6266035176548019	S100A12	0.8235360517748825	1
xCell	Neurons_ENCODE_3	1200	124	11	1	0.700336999666942	PTPRZ1	0.847776368017877	1
xCell	Basophils_FANTOM_2	1200	124	11	1	0.700336999666942	DSP	0.847776368017877	1
xCell	pro B-cells_HPCA_2	1200	124	11	1	0.700336999666942	DSP	0.847776368017877	1
xCell	Neurons_ENCODE_2	1200	124	18	1	0.8616717606704694	PTPRZ1	0.9998322067985772	1
xCell	Mesangial cells_FANTOM_1	1200	124	40	2	0.9317521056042197	HMGA2|SFN	0.9998322067985772	1
xCell	Hepatocytes_HPCA_3	1200	124	25	1	0.9364551524230748	MT1X	0.9998322067985772	1
xCell	Hepatocytes_HPCA_1	1200	124	28	1	0.9545384886095224	MT1X	0.9998322067985772	1
xCell	Mesangial cells_FANTOM_3	1200	124	53	1	0.9973076296742147	CPA4	0.9998322067985772	1
xCell	Astrocytes_FANTOM_2	1200	124	54	1	0.9975986967364618	CPA4	0.9998322067985772	1
xCell	Astrocytes_FANTOM_3	1200	124	67	1	0.9994626041961551	CPA4	0.9998322067985772	1
xCell	Astrocytes_FANTOM_1	1200	124	77	1	0.9998322067985772	CPA4	0.9998322067985772	1
BostonGene	Matrix	1200	124	12	3	0.1185755120565125	LAMA3|LAMB3|LAMC2	0.1185755120565125	1
xCell	Macrophages_BLUEPRINT_2	1200	147	15	15	1.0945909434855346e-14	ADAMDEC1|C1QA|CCL8|CD163|CYBB|FCER1G|FOLR2|FPR3|LILRB4|MARCO|MS4A4A|MS4A6A|TREM2|TYROBP|VSIG4	3.8857978493736475e-13	2
xCell	Macrophages_BLUEPRINT_3	1200	147	15	15	1.0945909434855346e-14	ADAMDEC1|C1QA|CCL8|CD163|CYBB|FCER1G|FOLR2|FPR3|LILRB4|MARCO|MS4A4A|MS4A6A|TREM2|TYROBP|VSIG4	3.8857978493736475e-13	2
xCell	Macrophages_BLUEPRINT_1	1200	147	14	14	9.760788413337176e-14	ADAMDEC1|C1QA|CCL8|CD163|CYBB|FCER1G|FOLR2|FPR3|LILRB4|MARCO|MS4A4A|TREM2|TYROBP|VSIG4	2.310053257823132e-12	2
xCell	Melanocytes_FANTOM_2	1200	147	28	18	6.516084281353976e-11	BCL2A1|HLA-DRA|HLA-DRB1|HLA-F|IFI27|IFI44|IFI44L|IFI6|IFIT1|IFIT2|IFIT3|ISG15|MX1|OAS2|OASL|RSAD2|RTP4|TAP1	9.912612460079808e-10	2
xCell	CD8+ Tem_HPCA_2	1200	147	13	12	8.853821781306246e-11	CD2|CD3D|CD3E|CD8A|GNLY|GZMA|GZMB|GZMH|LAG3|NKG7|PRF1|PTPRC	9.912612460079808e-10	2
xCell	CD8+ Tem_BLUEPRINT_3	1200	147	13	12	8.853821781306246e-11	CCL4|CD2|CD3D|CD8A|GNLY|GZMA|GZMB|GZMH|LAG3|NKG7|PRF1|SASH3	9.912612460079808e-10	2
xCell	Macrophages M1_FANTOM_2	1200	147	20	15	9.772998200078684e-11	ADAMDEC1|C1QA|C1QB|CCL18|CCL8|CD163|CSF1R|CYBB|FCER1G|FPR3|LILRB4|MARCO|MS4A4A|TREM2|VSIG4	9.912612460079808e-10	2
xCell	Melanocytes_FANTOM_3	1200	147	37	20	4.3998685426860566e-10	BCL2A1|HLA-DPA1|HLA-DRA|HLA-DRB1|HLA-F|IFI27|IFI44|IFI44L|IFI6|IFIT1|IFIT2|IFIT3|IFITM1|ISG15|MX1|OAS2|OASL|RSAD2|RTP4|TAP1	3.904883331633875e-09	2
xCell	Macrophages M1_BLUEPRINT_3	1200	147	14	12	5.547519328540624e-10	ADAMDEC1|C1QA|CCL8|CD163|CXCL9|FCER1G|FOLR2|FPR3|LILRB4|MARCO|MS4A4A|TREM2	4.376376359182048e-09	2
xCell	Macrophages M1_FANTOM_3	1200	147	19	14	6.528104657144516e-10	ADAMDEC1|C1QA|C1QB|CCL18|CCL8|CD163|CSF1R|CYBB|FPR3|LILRB4|MARCO|MS4A4A|TREM2|VSIG4	4.6121046858627534e-09	2
xCell	CD8+ Tem_BLUEPRINT_2	1200	147	12	11	7.145514302040886e-10	CCL4|CD2|CD3D|CD7|CD8A|GNLY|GZMA|GZMH|LAG3|NKG7|RGS1	4.6121046858627534e-09	2
xCell	aDC_IRIS_2	1200	147	13	11	4.157624098354734e-09	C1QA|C1QB|CCL18|CCL4|CCL8|CXCL13|CXCL9|FCER1G|FPR3|HCK|HLA-DQA1	2.459927591526551e-08	2
xCell	DC_IRIS_2	1200	147	9	9	4.986726008065096e-09	C1QB|CCL13|CCL18|CCL8|F13A1|FPR3|HLA-DQA1|MS4A4A|MS4A6A	2.7235195890201678e-08	2
xCell	CD8+ Tem_HPCA_1	1200	147	11	10	5.6906710527867695e-09	CD2|CD3D|CD8A|GZMA|GZMB|GZMH|LAG3|NKG7|PRF1|PTPRC	2.885983176770433e-08	2
xCell	Monocytes_FANTOM_2	1200	147	14	11	1.736815537185719e-08	AIF1|CD163|CSF1R|CYBB|DOK2|F13A1|FCER1G|FOLR2|HCK|MARCO|MS4A6A	8.220926876012402e-08	2
xCell	Tgd cells_HPCA_3	1200	147	10	9	4.4666996686850074e-08	CD2|GNLY|GZMA|GZMB|GZMH|LAG3|NKG7|PRF1|SASH3	1.982097977978972e-07	2
xCell	Monocytes_FANTOM_3	1200	147	13	10	1.1861675272351837e-07	AIF1|CD163|CSF1R|CYBB|DOK2|F13A1|FCER1G|HCK|MARCO|MS4A6A	4.953993790217532e-07	2
xCell	Monocytes_NOVERSHTERN_1	1200	147	11	9	2.2006046204013497e-07	AIF1|CD163|CYBB|DOK2|F13A1|HCK|MARCO|MS4A4A|MS4A6A	8.680162669360879e-07	2
xCell	Tgd cells_HPCA_1	1200	147	9	8	3.449809877234098e-07	CD2|GNLY|GZMA|GZMB|GZMH|LAG3|NKG7|PRF1	1.2246825064181047e-06	2
xCell	Tgd cells_HPCA_2	1200	147	9	8	3.449809877234098e-07	CD2|GNLY|GZMA|GZMB|GZMH|LAG3|PRF1|SASH3	1.2246825064181047e-06	2
xCell	Macrophages_HPCA_1	1200	147	8	7	2.6159267866093947e-06	ADAMDEC1|CCL18|CYBB|LILRB4|MARCO|MS4A4A|VSIG4	8.442309174966683e-06	2
xCell	Macrophages_FANTOM_3	1200	147	8	7	2.6159267866093947e-06	ADAMDEC1|CD163|CXCL9|CYBB|LILRB4|MARCO|VSIG4	8.442309174966683e-06	2
xCell	Monocytes_FANTOM_1	1200	147	9	7	1.056423708271034e-05	AIF1|CD163|CSF1R|CYBB|HCK|MS4A6A|TYROBP	3.1252534703018094e-05	2
xCell	DC_FANTOM_3	1200	147	9	7	1.056423708271034e-05	C1QA|C1QB|CCL13|F13A1|FPR3|MS4A6A|TREM2	3.1252534703018094e-05	2
xCell	Macrophages_HPCA_2	1200	147	7	6	1.9414483298936225e-05	ADAMDEC1|CYBB|LILRB4|MARCO|MS4A4A|VSIG4	4.9229582650874006e-05	2
xCell	CD8+ Tcm_HPCA_3	1200	147	7	6	1.9414483298936225e-05	CD3E|CD8A|GZMA|GZMH|LAG3|RGS1	4.9229582650874006e-05	2
xCell	Basophils_NOVERSHTERN_1	1200	147	7	6	1.9414483298936225e-05	GNLY|GPR183|GZMB|GZMH|NKG7|RGS1	4.9229582650874006e-05	2
xCell	Macrophages_HPCA_3	1200	147	7	6	1.9414483298936225e-05	ADAMDEC1|CYBB|LILRB4|MARCO|MS4A4A|VSIG4	4.9229582650874006e-05	2
xCell	Macrophages M2_BLUEPRINT_1	1200	147	5	5	2.596893534234536e-05	ADAMDEC1|LILRB4|MARCO|MS4A4A|VSIG4	4.9832281332608665e-05	2
xCell	NK cells_HPCA_1	1200	147	5	5	2.596893534234536e-05	GZMB|GZMH|LAG3|NKG7|PRF1	4.9832281332608665e-05	2
xCell	CD8+ Tcm_NOVERSHTERN_1	1200	147	5	5	2.596893534234536e-05	CD3E|CD7|CD8A|GNLY|LAG3	4.9832281332608665e-05	2
xCell	CD8+ Tcm_NOVERSHTERN_2	1200	147	5	5	2.596893534234536e-05	CD3E|CD7|CD8A|GNLY|LAG3	4.9832281332608665e-05	2
xCell	DC_IRIS_3	1200	147	5	5	2.596893534234536e-05	C1QB|CCL13|CCL18|FPR3|HLA-DQA1	4.9832281332608665e-05	2
xCell	B-cells_NOVERSHTERN_2	1200	147	5	5	2.596893534234536e-05	CD53|CD79A|HLA-DOA|HLA-DPB1|PLA2G2D	4.9832281332608665e-05	2
xCell	DC_FANTOM_1	1200	147	5	5	2.596893534234536e-05	C1QA|C1QB|CCL13|FPR3|TREM2	4.9832281332608665e-05	2
xCell	CD4+ Tem_HPCA_1	1200	147	5	5	2.596893534234536e-05	CD2|CD3E|CD52|RGS1|SELPLG	4.9832281332608665e-05	2
xCell	CD8+ Tem_NOVERSHTERN_1	1200	147	5	5	2.596893534234536e-05	CD8A|GZMB|GZMH|LAG3|PRF1	4.9832281332608665e-05	2
xCell	MPP_FANTOM_3	1200	147	6	5	0.00014038437013518917	CD53|HLA-DOA|PTPRC|SASH3|SPI1	0.0002431046409658154	2
xCell	Macrophages_FANTOM_2	1200	147	6	5	0.00014038437013518917	ADAMDEC1|CD163|CXCL9|LILRB4|VSIG4	0.0002431046409658154	2
xCell	aDC_HPCA_2	1200	147	6	5	0.00014038437013518917	C1QA|C1QB|CCL13|FPR3|HLA-DQA1	0.0002431046409658154	2
xCell	aDC_HPCA_3	1200	147	6	5	0.00014038437013518917	C1QA|C1QB|CCL13|FPR3|HLA-DQA1	0.0002431046409658154	2
xCell	Macrophages M1_FANTOM_1	1200	147	12	7	0.00016811430150680644	ADAMDEC1|CCL8|CYBB|FCER1G|LILRB4|MARCO|VSIG4	0.0002841932239757918	2
xCell	MPP_FANTOM_2	1200	147	9	6	0.0001883019843423294	CD52|HLA-DOA|NKG7|PTPRC|SASH3|SELPLG	0.0003109172299605904	2
xCell	aDC_IRIS_3	1200	147	5	4	0.0009820979184014245	C1QB|CCL8|CXCL9|HCK	0.0015495322712555807	2
xCell	Macrophages_IRIS_2	1200	147	5	4	0.0009820979184014245	ADAMDEC1|CYBB|LILRB4|VSIG4	0.0015495322712555807	2
xCell	MPP_FANTOM_1	1200	147	8	5	0.0010644739778756628	CD52|HLA-DOA|NKG7|PTPRC|SELPLG	0.0016080351580674908	2
xCell	Monocytes_HPCA_3	1200	147	8	5	0.0010644739778756628	CSF1R|FOLR2|GPR183|MS4A6A|PLEK	0.0016080351580674908	2
xCell	Hepatocytes_FANTOM_1	1200	147	34	8	0.04683692959406124	APOE|CD14|MT1G|SERPINA1|SERPING1|SPP1|TMEM176A|TMEM176B	0.06927962502454892	2
xCell	Hepatocytes_FANTOM_3	1200	147	30	7	0.0639427262292777	APOE|MT1G|SERPINA1|SERPING1|SPP1|TMEM176A|TMEM176B	0.09265170535262687	2
xCell	Hepatocytes_FANTOM_2	1200	147	34	7	0.11160384294900814	APOE|MT1G|SERPINA1|SERPING1|SPP1|TMEM176A|TMEM176B	0.15847745698759158	2
xCell	Memory B-cells_BLUEPRINT_1	1200	147	7	2	0.2075982303190224	CD79A|HLA-DPB1	0.28345142985866517	2
xCell	CMP_HPCA_1	1200	147	7	2	0.2075982303190224	C1QB|CCL18	0.28345142985866517	2
xCell	Hepatocytes_HPCA_2	1200	147	22	4	0.27898666989146353	APOE|MT1G|SERPINA1|SERPING1	0.37373685966592285	2
xCell	Hepatocytes_HPCA_3	1200	147	25	4	0.3672422087004503	APOE|MT1G|SERPINA1|SERPING1	0.48285549662466615	2
xCell	Basophils_FANTOM_2	1200	147	11	2	0.3981067711992598	ADAMDEC1|MS4A4A	0.51391965009359	2
xCell	Hepatocytes_HPCA_1	1200	147	28	4	0.45507015716983873	APOE|MT1G|SERPINA1|SERPING1	0.5769639492689027	2
xCell	Smooth muscle_HPCA_3	1200	147	6	1	0.5442544735071831	CCL8	0.6779310108598247	2
xCell	Mesangial cells_FANTOM_1	1200	147	40	5	0.5548941286872586	BST2|IL32|PTX3|TGM2|VCAM1	0.6792669506344029	2
xCell	Neurons_ENCODE_2	1200	147	18	2	0.6678296545134033	IFI44|PTX3	0.8036594147534175	2
xCell	Astrocytes_ENCODE_1	1200	147	9	1	0.6928178008789931	PTX3	0.8198343977068085	2
xCell	pro B-cells_HPCA_2	1200	147	11	1	0.7639944971281308	LILRB4	0.8748969241306015	2
xCell	Epithelial cells_FANTOM_1	1200	147	11	1	0.7639944971281308	G0S2	0.8748969241306015	2
xCell	Epithelial cells_FANTOM_3	1200	147	16	1	0.878147409992839	G0S2	0.9896581922141519	2
xCell	Epithelial cells_FANTOM_2	1200	147	23	1	0.9519461791364621	G0S2	0.997661619567503	2
xCell	Astrocytes_FANTOM_2	1200	147	54	3	0.9712545111717787	CCL2|TGM2|VCAM1	0.997661619567503	2
xCell	Keratinocytes_FANTOM_2	1200	147	44	2	0.978949146807836	G0S2|MMP9	0.997661619567503	2
xCell	Keratinocytes_FANTOM_3	1200	147	46	2	0.9833053244903663	G0S2|MMP9	0.997661619567503	2
xCell	Mesangial cells_FANTOM_3	1200	147	53	2	0.9926906563738261	IL32|SPP1	0.997661619567503	2
xCell	Astrocytes_FANTOM_3	1200	147	67	3	0.9928093594648677	CCL2|TGM2|VCAM1	0.997661619567503	2
xCell	Keratinocytes_FANTOM_1	1200	147	62	2	0.997544119615054	G0S2|MMP9	0.997661619567503	2
xCell	Astrocytes_FANTOM_1	1200	147	77	3	0.997661619567503	CCL2|TGM2|VCAM1	0.997661619567503	2
BostonGene	MHCII	1200	147	7	7	3.64409231250001e-07	HLA-DMB|HLA-DPA1|HLA-DPB1|HLA-DQA1|HLA-DQB1|HLA-DRA|HLA-DRB1	2.1864553875000063e-06	2
BostonGene	Effector_cells	1200	147	5	5	2.596893534234536e-05	CD8A|GNLY|GZMA|GZMB|PRF1	7.790680602703609e-05	2
BostonGene	T_cell_traffic	1200	147	6	5	0.00014038437013518917	CCL4|CCL5|CXCL10|CXCL11|CXCL9	0.00028076874027037834	2
BostonGene	MDSC	1200	147	5	3	0.014952204726431306	CYBB|IDO1|IL4I1	0.022428307089646958	2
BostonGene	MDSC_traffic	1200	147	6	1	0.5442544735071831	CSF1R	0.6531053682086198	2
BostonGene	Matrix_remodeling	1200	147	9	1	0.6928178008789931	MMP9	0.6928178008789931	2
xCell	Astrocytes_FANTOM_1	1200	168	77	56	8.133345864578448e-35	ACTA2|ACTG2|ADAM12|ADAM19|ADAMTS2|BGN|C1S|CHRDL1|CNN1|COL1A1|COL1A2|COL3A1|COL5A1|COL5A2|COL6A1|COL6A2|COL6A3|COL8A2|CREB3L1|CXCL12|DCN|DPYSL3|FBLN2|FBN1|FKBP10|FLNC|FN1|GEM|GFPT2|GREM1|IGFBP6|LOX|LUM|MFAP4|MFAP5|MGP|MMP2|MOXD1|MXRA5|MXRA8|MYL9|MYLK|OLFML3|PLN|POSTN|PTGIS|RARRES2|RCN3|SERPINF1|SFRP4|SPON2|SULF1|TAGLN|TIMP2|TPM2|VCAN	4.7986740601012845e-33	3
xCell	Astrocytes_FANTOM_3	1200	168	67	50	9.160890224496785e-32	ACTA2|ACTG2|ADAM12|ADAM19|ADAMTS2|BGN|C1S|CNN1|COL1A1|COL1A2|COL3A1|COL5A1|COL5A2|COL6A1|COL6A2|COL6A3|COL8A2|CREB3L1|CXCL12|DCN|DPYSL3|FBLN2|FBN1|FKBP10|FLNC|FN1|GFPT2|GREM1|IGFBP6|LOX|LUM|MFAP4|MFAP5|MGP|MXRA5|MXRA8|MYL9|MYLK|OLFML3|PLN|POSTN|PTGIS|RARRES2|RCN3|SFRP4|SPON2|SULF1|TAGLN|TPM2|VCAN	2.7024626162265515e-30	3
xCell	Astrocytes_FANTOM_2	1200	168	54	40	5.617416305844042e-25	ACTA2|ACTG2|ADAM12|ADAM19|ADAMTS2|BGN|CNN1|COL1A1|COL1A2|COL3A1|COL5A1|COL6A1|COL6A2|COL8A2|CXCL12|DPYSL3|FBLN2|FLNC|FN1|GFPT2|GREM1|LUM|MFAP4|MFAP5|MGP|MXRA5|MXRA8|MYL9|MYLK|OLFML3|PLN|POSTN|PTGIS|RARRES2|RCN3|SFRP4|SULF1|TAGLN|TPM2|VCAN	1.1047585401493283e-23	3
xCell	Chondrocytes_FANTOM_2	1200	168	10	10	2.2857249307601625e-09	CILP|COL10A1|COMP|DPT|ELN|EMILIN1|HSPB7|ISLR|LRRC15|PRELP	2.8038140635885978e-08	3
xCell	Mesangial cells_FANTOM_3	1200	168	53	25	2.376113613210676e-09	ACTA2|ADAM19|AEBP1|BGN|CNN1|COL1A1|COL1A2|COL3A1|COL5A1|COL6A1|COL6A2|COL6A3|CREB3L1|DCN|DPYSL3|FN1|GREM1|MGP|MYL9|OLFML2B|OLFML3|POSTN|RCN3|SULF1|TAGLN	2.8038140635885978e-08	3
xCell	Chondrocytes_FANTOM_3	1200	168	11	10	2.2108146179033184e-08	CILP|COL10A1|COMP|DPT|ELN|EMILIN1|HSPB7|ISLR|LRRC15|PRELP	1.8634008922327968e-07	3
xCell	Chondrocytes_FANTOM_1	1200	168	11	10	2.2108146179033184e-08	CILP|COL10A1|COMP|DPT|ELN|EMILIN1|HSPB7|ISLR|LRRC15|PRELP	1.8634008922327968e-07	3
xCell	Mesangial cells_FANTOM_1	1200	168	40	19	2.127718788551005e-07	BGN|CNN1|COL1A1|COL3A1|COL5A1|COL6A3|CREB3L1|DCN|DPYSL3|FLNC|FN1|GREM1|MXRA8|MYL9|MYLK|POSTN|RCN3|TAGLN|VCAN	1.5691926065563662e-06	3
xCell	Fibroblasts_ENCODE_1	1200	168	9	8	1.0110171074164322e-06	ASPN|DPT|ELN|EMILIN1|HSPB6|HSPB7|LGALS1|LMOD1	6.6277788152854995e-06	3
xCell	Smooth muscle_FANTOM_1	1200	168	12	9	2.5662502391929455e-06	ASPN|DPT|ELN|EMILIN1|HSPB6|HSPB7|ISLR|LGALS1|LMOD1	1.5140876411238379e-05	3
xCell	Chondrocytes_ENCODE_3	1200	168	8	7	6.668471912819922e-06	CILP|COL10A1|COMP|HSPB7|ISLR|LRRC15|PRELP	3.5767258441488674e-05	3
xCell	Smooth muscle_FANTOM_3	1200	168	9	7	2.6469563731732122e-05	ASPN|DPT|EMILIN1|HSPB6|HSPB7|ISLR|LGALS1	0.00013014202168101625	3
xCell	Fibroblasts_ENCODE_3	1200	168	7	6	4.309270254267076e-05	ASPN|DPT|ELN|HSPB6|ISLR|LMOD1	0.00017724832761077127	3
xCell	Fibroblasts_ENCODE_2	1200	168	5	5	5.107155202344257e-05	ASPN|DPT|ELN|HSPB7|LGALS1	0.00017724832761077127	3
xCell	Fibroblasts_FANTOM_1	1200	168	5	5	5.107155202344257e-05	ASPN|C7|DPT|EMILIN1|ISLR	0.00017724832761077127	3
xCell	Fibroblasts_FANTOM_3	1200	168	5	5	5.107155202344257e-05	ASPN|C7|DPT|EMILIN1|ISLR	0.00017724832761077127	3
xCell	Fibroblasts_HPCA_3	1200	168	5	5	5.107155202344257e-05	ASPN|C7|DPT|EMILIN1|ISLR	0.00017724832761077127	3
xCell	Astrocytes_ENCODE_3	1200	168	5	4	0.0016579569693463915	ADAM12|CNN1|COL11A1|TNC	0.0054344145106353945	3
xCell	Astrocytes_ENCODE_1	1200	168	9	5	0.0039806027249045224	ADAM12|CNN1|COL11A1|RBP1|TNC	0.012360818987861412	3
xCell	Astrocytes_ENCODE_2	1200	168	6	4	0.004430674735471852	ADAM12|CNN1|COL11A1|TNC	0.012448086161563773	3
xCell	Smooth muscle_HPCA_3	1200	168	6	4	0.004430674735471852	EMILIN1|LGALS1|LMOD1|LRRC15	0.012448086161563773	3
xCell	Mast cells_FANTOM_3	1200	168	5	3	0.021739155336133794	CPA3|CTSG|TPSAB1	0.05130440659327576	3
xCell	Mast cells_FANTOM_2	1200	168	5	3	0.021739155336133794	CPA3|CTSG|TPSAB1	0.05130440659327576	3
xCell	Mast cells_FANTOM_1	1200	168	5	3	0.021739155336133794	CPA3|CTSG|TPSAB1	0.05130440659327576	3
xCell	Preadipocytes_ENCODE_3	1200	168	5	3	0.021739155336133794	ISLR|LMOD1|LRRC15	0.05130440659327576	3
xCell	CMP_HPCA_1	1200	168	7	3	0.06142254364795294	CPA3|CTSG|MYH11	0.13938192597035476	3
xCell	Skeletal muscle_FANTOM_1	1200	168	5	2	0.14633936206981465	DES|HSPB7	0.30835794150425233	3
xCell	Skeletal muscle_FANTOM_3	1200	168	5	2	0.14633936206981465	DES|HSPB7	0.30835794150425233	3
xCell	Macrophages M1_FANTOM_1	1200	168	12	3	0.229668587616645	EMILIN1|HSPB7|MYH11	0.4662841981900635	3
xCell	Neurons_ENCODE_2	1200	168	18	4	0.23709366009664246	CXCL12|GEM|PDLIM3|SFRP4	0.4662841981900635	3
xCell	Hepatocytes_FANTOM_3	1200	168	30	5	0.41301892575975774	ANPEP|C1S|MYLK|NNMT|RARRES2	0.7860682780588938	3
xCell	pro B-cells_HPCA_2	1200	168	11	2	0.4695395586812795	CTSG|HSPB6	0.8657135613186091	3
xCell	Hepatocytes_FANTOM_2	1200	168	34	5	0.5287482498651422	ANPEP|C1S|MYLK|NNMT|RARRES2	0.8937867082939494	3
xCell	Hepatocytes_FANTOM_1	1200	168	34	5	0.5287482498651422	ANPEP|C1S|MYLK|NNMT|RARRES2	0.8937867082939494	3
xCell	Erythrocytes_NOVERSHTERN_3	1200	168	5	1	0.5302124540726818	DES	0.8937867082939494	3
xCell	MPP_FANTOM_3	1200	168	6	1	0.596257899859953	CPA3	0.9202914520863293	3
xCell	Macrophages_HPCA_2	1200	168	7	1	0.653065833548	EMILIN1	0.9202914520863293	3
xCell	Macrophages_HPCA_3	1200	168	7	1	0.653065833548	EMILIN1	0.9202914520863293	3
xCell	Memory B-cells_BLUEPRINT_1	1200	168	7	1	0.653065833548	CASQ2	0.9202914520863293	3
xCell	MPP_FANTOM_1	1200	168	8	1	0.701921608874015	CPA3	0.9202914520863293	3
xCell	Macrophages_HPCA_1	1200	168	8	1	0.701921608874015	EMILIN1	0.9202914520863293	3
xCell	MPP_FANTOM_2	1200	168	9	1	0.7439326572877445	CPA3	0.9202914520863293	3
xCell	Tgd cells_HPCA_2	1200	168	9	1	0.7439326572877445	GPR68	0.9202914520863293	3
xCell	Tgd cells_HPCA_1	1200	168	9	1	0.7439326572877445	GPR68	0.9202914520863293	3
xCell	Macrophages M1_FANTOM_3	1200	168	19	2	0.7692647905569846	EMILIN1|HSPB7	0.9202914520863293	3
xCell	Neurons_FANTOM_2	1200	168	19	2	0.7692647905569846	HOPX|PCP4	0.9202914520863293	3
xCell	Neurons_FANTOM_3	1200	168	19	2	0.7692647905569846	HOPX|PCP4	0.9202914520863293	3
xCell	Tgd cells_HPCA_3	1200	168	10	1	0.7800529877458965	GPR68	0.9202914520863293	3
xCell	Macrophages M1_FANTOM_2	1200	168	20	2	0.7940261257582457	EMILIN1|HSPB7	0.9202914520863293	3
xCell	CD8+ Tem_HPCA_1	1200	168	11	1	0.8111043306523581	GPR68	0.9202914520863293	3
xCell	Basophils_FANTOM_2	1200	168	11	1	0.8111043306523581	CCL21	0.9202914520863293	3
xCell	Neurons_ENCODE_3	1200	168	11	1	0.8111043306523581	GEM	0.9202914520863293	3
xCell	CD8+ Tem_HPCA_2	1200	168	13	1	0.8607325512115682	GPR68	0.9404300096570838	3
xCell	Neurons_FANTOM_1	1200	168	13	1	0.8607325512115682	PCP4	0.9404300096570838	3
xCell	Melanocytes_FANTOM_3	1200	168	37	3	0.9104100339879379	APOD|CTSK|PDK4	0.9766216728234243	3
xCell	Sebocytes_FANTOM_2	1200	168	22	1	0.9649104368400944	CTSK	0.9860905007288664	3
xCell	Sebocytes_FANTOM_1	1200	168	25	1	0.9778933997170102	CTSK	0.9860905007288664	3
xCell	Sebocytes_FANTOM_3	1200	168	28	1	0.9860905007288664	CTSK	0.9860905007288664	3
xCell	Hepatocytes_HPCA_1	1200	168	28	1	0.9860905007288664	SERPINF1	0.9860905007288664	3
BostonGene	CAF	1200	168	13	11	1.8288518797111956e-08	ACTA2|COL1A1|COL1A2|COL5A1|COL6A1|COL6A2|COL6A3|CXCL12|LUM|MFAP5|MMP2	9.144259398555979e-08	3
BostonGene	Matrix	1200	168	12	8	3.80128191237219e-05	COL11A1|COL1A1|COL1A2|COL3A1|COL5A1|ELN|FN1|TNC	9.503204780930475e-05	3
BostonGene	Matrix_remodeling	1200	168	9	3	0.11942305272189571	LOX|MMP11|MMP2	0.1990384212031595	3
BostonGene	Granulocyte_traffic	1200	168	5	1	0.5302124540726818	CCL11	0.596257899859953	3
BostonGene	MDSC_traffic	1200	168	6	1	0.596257899859953	CXCL12	0.596257899859953	3
